"","std","mean"
"Test-Person-1",0.401725583542953,0.814318308587499
"Test-Person-2",0.401591215802954,0.814134082372582
"Test-Person-3",0.401685424183586,0.813653186036488
"Test-Person-4",0.401334192215653,0.814181179956396
"Test-Person-5",0.401744350081093,0.814485296452737
"Test-Person-6",0.40240125710541,0.814443790625416
"Test-Person-7",0.402953281150532,0.814005163079505
"Test-Person-8",0.4029827617638,0.814592330094455
"Test-Person-9",0.404705549846773,0.816838926080319
"Test-Person-10",0.406312326820652,0.817921736304751
"Test-Person-11",0.406276480209633,0.818463192262674
"Test-Person-12",0.407352648568977,0.82010308052036
"Test-Person-13",0.410886613278106,0.822764938319952
"Test-Person-14",0.413576887845867,0.824506073883984
"Test-Person-15",0.410218792340372,0.822787537861724
"Test-Person-16",0.406113373023426,0.820657170312318
"Test-Person-17",0.405715053896679,0.820257354845029
"Test-Person-18",0.405883040964045,0.81979398209379
"Test-Person-19",0.404971682377003,0.81962173944435
"Test-Person-20",0.403759726918791,0.819749176346658
"Test-Person-21",0.404708199198941,0.81975564243831
"Test-Person-22",0.405485794029381,0.819863390156227
"Test-Person-23",0.406609965037091,0.819941430360672
"Test-Person-24",0.408394558818594,0.820112440602443
"Test-Person-25",0.408426501331316,0.819642170197082
"Test-Person-26",0.407039237140653,0.819101314878181
"Test-Person-27",0.407509293090225,0.81920540220979
"Test-Person-28",0.408816889296102,0.818444801967255
"Test-Person-29",0.408799895450091,0.817188930801357
"Test-Person-30",0.407498759937747,0.815916785364812
"Test-Person-31",0.404518853619229,0.81337936991376
"Test-Person-32",0.399951873395433,0.810027245081412
"Test-Person-33",0.399682444818275,0.807985532810655
"Test-Person-34",0.401882928689809,0.809325900723583
"Test-Person-35",0.404250226020727,0.812560386740075
"Test-Person-36",0.404564027012638,0.813698191009162
"Test-Person-37",0.403617278766236,0.812722507451832
"Test-Person-38",0.404597183294878,0.812802164731116
"Test-Person-39",0.406408100960464,0.814677000455887
"Test-Person-40",0.407232890754392,0.815749905621106
"Test-Person-41",0.406913611806568,0.814608495733288
"Test-Person-42",0.407588635329957,0.813104132895657
"Test-Person-43",0.406320229686297,0.813012223826094
"Test-Person-44",0.404321597768692,0.81365104454418
"Test-Person-45",0.401500711493698,0.813751870949237
"Test-Person-46",0.401962364984987,0.814627486772447
"Test-Person-47",0.406014609259846,0.816890636428164
"Test-Person-48",0.406672368200797,0.817611897242552
"Test-Person-49",0.404818325189037,0.817020156746454
"Test-Person-50",0.406192566251162,0.818484188388782
"Test-Person-51",0.408637162137802,0.821536429869902
"Test-Person-52",0.410695159306997,0.823884972050797
"Test-Person-53",0.410382289897122,0.82458288110397
"Test-Person-54",0.409226527621679,0.824300640862911
"Test-Person-55",0.409910449857749,0.824228761901622
"Test-Person-56",0.410926614009263,0.824629289914693
"Test-Person-57",0.414333031203066,0.82627809683339
"Test-Person-58",0.415792846358545,0.827078554092087
"Test-Person-59",0.412641327270376,0.824655345922973
"Test-Person-60",0.408245300362723,0.821128417804751
"Test-Person-61",0.406443033011841,0.818321702566474
"Test-Person-62",0.408202151476941,0.817844594323719
"Test-Person-63",0.408618026985663,0.818071702917272
"Test-Person-64",0.406866268889371,0.816915344240109
"Test-Person-65",0.405797171960875,0.816543092808402
"Test-Person-66",0.405248822625293,0.815267262239566
"Test-Person-67",0.404917015044396,0.813245466030041
"Test-Person-68",0.404233493592458,0.813014163821853
"Test-Person-69",0.404055074567017,0.812996979126337
"Test-Person-70",0.403437325422719,0.812349962593112
"Test-Person-71",0.402446894955621,0.810362738130404
"Test-Person-72",0.401680456114423,0.80925385370587
"Test-Person-73",0.403527507604318,0.810561816786461
"Test-Person-74",0.405193923527877,0.811447010059722
"Test-Person-75",0.404418756417438,0.8119139778755
"Test-Person-76",0.403747169502949,0.812204614240414
"Test-Person-77",0.405506226371446,0.813524440077333
"Test-Person-78",0.408001668040514,0.81567356766963
"Test-Person-79",0.405835077045485,0.814977357428402
"Test-Person-80",0.403108466052075,0.814023192292263
"Test-Person-81",0.404615886039652,0.815902493201832
"Test-Person-82",0.407203437412005,0.818733747669291
"Test-Person-83",0.407268548368843,0.821004868052766
"Test-Person-84",0.405486200092917,0.821953113136953
"Test-Person-85",0.407159743064082,0.82296714309491
"Test-Person-86",0.41005804048001,0.825053050279064
"Test-Person-87",0.411993615094129,0.825709193872718
"Test-Person-88",0.412715841419877,0.824125235371021
"Test-Person-89",0.412220746586242,0.82274597763719
"Test-Person-90",0.410901335584305,0.822595736891415
"Test-Person-91",0.410875331013844,0.82269077796717
"Test-Person-92",0.411450256419067,0.822167549399898
"Test-Person-93",0.410896865573867,0.820849238138989
"Test-Person-94",0.409346552908195,0.819421303016661
"Test-Person-95",0.407091441695214,0.817007352197099
"Test-Person-96",0.402979624468844,0.812403547740329
"Test-Person-97",0.401647422007814,0.808698873747574
"Test-Person-98",0.402747552984333,0.808821975756159
"Test-Person-99",0.404191344849421,0.810588839166271
"Test-Person-100",0.40390872428498,0.810716481117408
"Test-Person-101",0.403367855000771,0.809404069873957
"Test-Person-102",0.405043884225606,0.809363264863794
"Test-Person-103",0.406205989289536,0.810980309283407
"Test-Person-104",0.405627529694665,0.811861367062911
"Test-Person-105",0.405405074449079,0.810929986389413
"Test-Person-106",0.405895546369975,0.809550251983203
"Test-Person-107",0.404017800527488,0.809657936949338
"Test-Person-108",0.402293496677355,0.810631746132236
"Test-Person-109",0.400393006515806,0.811302105775501
"Test-Person-110",0.402236309150407,0.813814994564099
"Test-Person-111",0.407558531134828,0.81748797814357
"Test-Person-112",0.408500305216134,0.817964559840109
"Test-Person-113",0.405710867986547,0.816590108550322
"Test-Person-114",0.406759129977905,0.817963474337204
"Test-Person-115",0.410730581904469,0.821758793824092
"Test-Person-116",0.411905106343556,0.824049388515677
"Test-Person-117",0.408725343804935,0.823204774088599
"Test-Person-118",0.406897725394692,0.822316451628775
"Test-Person-119",0.408430450014827,0.823379693924357
"Test-Person-120",0.41093909830068,0.825388334162402
"Test-Person-121",0.414724573306038,0.828191375700373
"Test-Person-122",0.416162083646886,0.829243494677428
"Test-Person-123",0.412840078226992,0.826321328863251
"Test-Person-124",0.408103532848618,0.821854937136953
"Test-Person-125",0.406085984186564,0.818558770430947
"Test-Person-126",0.407507307145854,0.817820326025517
"Test-Person-127",0.407450298259484,0.817349939661079
"Test-Person-128",0.405798536773353,0.8156493920962
"y.Test.Person.1",0.410386609483166,0.0058897033541907
"y.Test.Person.2",0.40991060028552,0.00701478944129623
"y.Test.Person.3",0.40909913239057,0.00749929979750933
"y.Test.Person.4",0.410417247488144,0.00582091194662369
"y.Test.Person.5",0.412117414335675,0.00460579139770954
"y.Test.Person.6",0.411263484407655,0.00524564023635562
"y.Test.Person.7",0.41057077413957,0.00637156418130302
"y.Test.Person.8",0.411506080072746,0.00647186202697998
"y.Test.Person.9",0.411041024512131,0.00658235643402443
"y.Test.Person.10",0.409591317764337,0.00745477369583305
"y.Test.Person.11",0.40899191484399,0.00783841967556837
"y.Test.Person.12",0.408784313217124,0.00802567915362742
"y.Test.Person.13",0.409017664710845,0.00734044408187988
"y.Test.Person.14",0.411475455399171,0.00511165547372243
"y.Test.Person.15",0.41244486893125,0.00353269721014591
"y.Test.Person.16",0.412614306653662,0.00317583204217849
"y.Test.Person.17",0.4131280015585,0.00384854243745165
"y.Test.Person.18",0.412208072730761,0.00460807681890058
"y.Test.Person.19",0.41203775247391,0.00383428787441127
"y.Test.Person.20",0.41313605494218,0.00339858834591992
"y.Test.Person.21",0.41243533826903,0.00382197226915507
"y.Test.Person.22",0.412692657066355,0.00368009442490668
"y.Test.Person.23",0.414173383630462,0.00347842435673566
"y.Test.Person.24",0.41480466940769,0.00344717809519511
"y.Test.Person.25",0.415283258889791,0.00330713933673227
"y.Test.Person.26",0.415952276528769,0.00249117452744825
"y.Test.Person.27",0.416277070242203,0.00126302917687818
"y.Test.Person.28",0.415373360091601,-0.000165265311774686
"y.Test.Person.29",0.415601741876668,-0.00175370728646081
"y.Test.Person.30",0.416687300801398,-0.00186274870675263
"y.Test.Person.31",0.416710859606553,-0.000944804779192399
"y.Test.Person.32",0.415838975349672,0.000336248106173736
"y.Test.Person.33",0.413997264789147,0.0022121438132338
"y.Test.Person.34",0.411782430290397,0.00341541094466237
"y.Test.Person.35",0.411064704707426,0.00395022154625042
"y.Test.Person.36",0.41205346741552,0.00411718343576519
"y.Test.Person.37",0.412110123890064,0.00421159828741093
"y.Test.Person.38",0.411406316057334,0.00427862060318969
"y.Test.Person.39",0.412823902209002,0.00388852918598235
"y.Test.Person.40",0.413077300118595,0.00453016167862233
"y.Test.Person.41",0.411121021135547,0.00651824058724126
"y.Test.Person.42",0.409990425088107,0.00832601956426875
"y.Test.Person.43",0.409780605265356,0.00830675067500848
"y.Test.Person.44",0.41016519725145,0.00676000750807262
"y.Test.Person.45",0.410735707974495,0.0067017025589413
"y.Test.Person.46",0.410785741817275,0.0073502023175772
"y.Test.Person.47",0.411361975941763,0.00649889714896505
"y.Test.Person.48",0.410024017070719,0.00598710693376315
"y.Test.Person.49",0.408448799153301,0.00612939153647099
"y.Test.Person.50",0.408318445356224,0.00583172199779776
"y.Test.Person.51",0.408951393464398,0.00581339077677638
"y.Test.Person.52",0.409464392766337,0.00562099145303699
"y.Test.Person.53",0.410474866394742,0.00491593618793519
"y.Test.Person.54",0.41225322420808,0.00413152122309128
"y.Test.Person.55",0.414189643566706,0.00255084086141839
"y.Test.Person.56",0.415841465685641,0.00131565176267391
"y.Test.Person.57",0.41467827624536,0.00162019752135392
"y.Test.Person.58",0.41338343480373,0.00162684824774347
"y.Test.Person.59",0.413894403010861,0.00128293495371564
"y.Test.Person.60",0.412929747916398,0.00270941292100509
"y.Test.Person.61",0.411430376925468,0.00436305801400747
"y.Test.Person.62",0.411616300051228,0.003839371482321
"y.Test.Person.63",0.412634631371882,0.00298023704119783
"y.Test.Person.64",0.413030509925896,0.00260049697331184
"y.Test.Person.65",0.413044360547173,0.00293725416104513
"y.Test.Person.66",0.411610226978544,0.00541613599032915
"y.Test.Person.67",0.409467766802574,0.00709199774365796
"y.Test.Person.68",0.409794254707042,0.00620547824743807
"y.Test.Person.69",0.411129775303833,0.00516530024759077
"y.Test.Person.70",0.410408752263296,0.0055605994349983
"y.Test.Person.71",0.409795472881601,0.00722296345072956
"y.Test.Person.72",0.41074079322584,0.0079132999668171
"y.Test.Person.73",0.410209505015832,0.00808159772601629
"y.Test.Person.74",0.408923094665811,0.00917576448758059
"y.Test.Person.75",0.407870925001586,0.00962702039779437
"y.Test.Person.76",0.407103036381591,0.009661404859396
"y.Test.Person.77",0.407346446690497,0.00913840726857821
"y.Test.Person.78",0.4097079110204,0.00724504298761452
"y.Test.Person.79",0.410804371773087,0.00522316168442484
"y.Test.Person.80",0.411696908951186,0.00393331452877503
"y.Test.Person.81",0.412952265995971,0.00388299563592467
"y.Test.Person.82",0.412429452124644,0.00383605714597557
"y.Test.Person.83",0.412176186960546,0.00313682394502545
"y.Test.Person.84",0.413105562843066,0.0032545796425945
"y.Test.Person.85",0.412463681648526,0.00361464777136071
"y.Test.Person.86",0.413587913881142,0.0036160682935867
"y.Test.Person.87",0.415493613837256,0.00337099161174075
"y.Test.Person.88",0.415484018080172,0.00329543695301663
"y.Test.Person.89",0.415268058213142,0.00342634000520869
"y.Test.Person.90",0.41616940506372,0.00236022372008483
"y.Test.Person.91",0.416744117713284,0.00122776280938582
"y.Test.Person.92",0.415827219488407,0.000544678333118425
"y.Test.Person.93",0.415484035247886,-0.000118834283508653
"y.Test.Person.94",0.415812550610064,0.000535848251951137
"y.Test.Person.95",0.415784465740832,0.00121581940031218
"y.Test.Person.96",0.415165953335113,0.00195963450298405
"y.Test.Person.97",0.413392944331959,0.00387642455059382
"y.Test.Person.98",0.411642754831622,0.0050514952924737
"y.Test.Person.99",0.411043955995345,0.00515359958517136
"y.Test.Person.100",0.411673459603682,0.00503811009881235
"y.Test.Person.101",0.411613190456152,0.00485970227519511
"y.Test.Person.102",0.411208838986979,0.00420110083077706
"y.Test.Person.103",0.412932345753968,0.0031759150852019
"y.Test.Person.104",0.413212035742216,0.00334052743871734
"y.Test.Person.105",0.411667655155102,0.00489986687567017
"y.Test.Person.106",0.410744321950663,0.00660974586572786
"y.Test.Person.107",0.411009209293043,0.00654740035556498
"y.Test.Person.108",0.411201845423923,0.00523041327981337
"y.Test.Person.109",0.410613268824889,0.00578174905537835
"y.Test.Person.110",0.410000770233549,0.00689031115639634
"y.Test.Person.111",0.410431118344534,0.00617324315778758
"y.Test.Person.112",0.409666973130751,0.00525843635520869
"y.Test.Person.113",0.409153992930731,0.00490853320140821
"y.Test.Person.114",0.409740194548802,0.0049788881757075
"y.Test.Person.115",0.409957304611432,0.00573515973946386
"y.Test.Person.116",0.410387723832099,0.00572269084360366
"y.Test.Person.117",0.41120408165256,0.0048917005434832
"y.Test.Person.118",0.412265179590315,0.00420006320850017
"y.Test.Person.119",0.414320127588935,0.00241686275961995
"y.Test.Person.120",0.416841877498646,0.00054233188369189
"y.Test.Person.121",0.415944676152792,0.000522134544214456
"y.Test.Person.122",0.413915554788855,0.0008169637173736
"y.Test.Person.123",0.41329878474785,0.00110876935510689
"y.Test.Person.124",0.411554480391149,0.00285233628646149
"y.Test.Person.125",0.410759309228008,0.00421709955835765
"y.Test.Person.126",0.411571383939534,0.00334932522477095
"y.Test.Person.127",0.41297097651303,0.0023905949755039
"y.Test.Person.128",0.413539399622541,0.00206315682648456
"z.Test.Person.1",0.306837986072207,0.0795696525993892
"z.Test.Person.2",0.307083284840739,0.0793135040068578
"z.Test.Person.3",0.307218091631062,0.0796584712084662
"z.Test.Person.4",0.307045703173231,0.0797804587797523
"z.Test.Person.5",0.307294782928941,0.0803828960611734
"z.Test.Person.6",0.305414846542143,0.0826878640431919
"z.Test.Person.7",0.303876607681773,0.0832624542161429
"z.Test.Person.8",0.304241928908107,0.0819030339174415
"z.Test.Person.9",0.304443198092284,0.0813474405462844
"z.Test.Person.10",0.305688558027259,0.0813995734667153
"z.Test.Person.11",0.306572296741713,0.0815702816594265
"z.Test.Person.12",0.306006425753007,0.082161251004228
"z.Test.Person.13",0.306070749412168,0.0826791443233797
"z.Test.Person.14",0.306208814908543,0.0820643822231761
"z.Test.Person.15",0.305936710589741,0.0815258857480387
"z.Test.Person.16",0.3053515424075,0.0825316311659043
"z.Test.Person.17",0.305771598113178,0.083218286284944
"z.Test.Person.18",0.306148121487379,0.082950623228266
"z.Test.Person.19",0.30752915423465,0.0820219655672209
"z.Test.Person.20",0.309637756306634,0.0808579916545436
"z.Test.Person.21",0.309438002391594,0.0813550190329318
"z.Test.Person.22",0.30866420100837,0.0818687306235494
"z.Test.Person.23",0.308891302723003,0.0814404442708178
"z.Test.Person.24",0.30875795583258,0.081233674418585
"z.Test.Person.25",0.308705990434127,0.0804402043292501
"z.Test.Person.26",0.308597500839024,0.0810715415162267
"z.Test.Person.27",0.306533568823063,0.0831621522612012
"z.Test.Person.28",0.305381030226106,0.0834457458581812
"z.Test.Person.29",0.30631358726724,0.0825001220656261
"z.Test.Person.30",0.306327488085877,0.0814562721349406
"z.Test.Person.31",0.306058425441431,0.0815892469905294
"z.Test.Person.32",0.306423283155379,0.082624593456057
"z.Test.Person.33",0.307933243848468,0.0818973572982151
"z.Test.Person.34",0.308320150238774,0.0806729520082117
"z.Test.Person.35",0.308243589812792,0.0801439370289379
"z.Test.Person.36",0.306996610780036,0.0803237381144079
"z.Test.Person.37",0.305296146873987,0.0821962173740075
"z.Test.Person.38",0.303476579981685,0.0837582778097251
"z.Test.Person.39",0.303266932955587,0.0840299587689175
"z.Test.Person.40",0.304095529830294,0.0837845172870716
"z.Test.Person.41",0.305137789476978,0.0830235426299084
"z.Test.Person.42",0.305141703136538,0.0828173536004581
"z.Test.Person.43",0.30496895664094,0.0827794643641025
"z.Test.Person.44",0.304931801169234,0.0820716761442891
"z.Test.Person.45",0.305714327259515,0.0813017626318493
"z.Test.Person.46",0.306909418041864,0.0805750589315735
"z.Test.Person.47",0.307950676683552,0.079855072050492
"z.Test.Person.48",0.308568062178278,0.0797022744889379
"z.Test.Person.49",0.308738728522703,0.0803182102296573
"z.Test.Person.50",0.308594312344593,0.0806651155565558
"z.Test.Person.51",0.30879854047304,0.0801146865998643
"z.Test.Person.52",0.30963614938891,0.0783518793278622
"z.Test.Person.53",0.310710124377756,0.0765667722759043
"z.Test.Person.54",0.311297036028506,0.0765606526270105
"z.Test.Person.55",0.312317107732647,0.0770677525430336
"z.Test.Person.56",0.313361219808821,0.0780441622474381
"z.Test.Person.57",0.312841807285568,0.0783454673556837
"z.Test.Person.58",0.313405891341045,0.0769561719634238
"z.Test.Person.59",0.31180670550964,0.0774923680675263
"z.Test.Person.60",0.311317926978551,0.0781470661317611
"z.Test.Person.61",0.311334095699911,0.0775223510154259
"z.Test.Person.62",0.310257224196683,0.0783231753532067
"z.Test.Person.63",0.310857216522397,0.0784625691415575
"z.Test.Person.64",0.31065058286179,0.0781541122206312
"z.Test.Person.65",0.309201396937814,0.0784917936710553
"z.Test.Person.66",0.308191566257193,0.0787377501410621
"z.Test.Person.67",0.307536994666846,0.0796372798491517
"z.Test.Person.68",0.307443288449924,0.0795985064798202
"z.Test.Person.69",0.307590967170605,0.0795752277224221
"z.Test.Person.70",0.30567152413402,0.0810470414555434
"z.Test.Person.71",0.304484714115323,0.0812754719121049
"z.Test.Person.72",0.304177158133535,0.0807301270928741
"z.Test.Person.73",0.304058678437822,0.0809060959696641
"z.Test.Person.74",0.305316021224951,0.0809443061637292
"z.Test.Person.75",0.305911554265396,0.0810077734331965
"z.Test.Person.76",0.305258999636198,0.0814343771827146
"z.Test.Person.77",0.305922516480621,0.0816858406997285
"z.Test.Person.78",0.306262707770084,0.0811264177200204
"z.Test.Person.79",0.30633850075282,0.0808123845395555
"z.Test.Person.80",0.306043616875842,0.0816133850314625
"z.Test.Person.81",0.306855998044079,0.0821467405773091
"z.Test.Person.82",0.307411740559866,0.0823377054087207
"z.Test.Person.83",0.308538472911046,0.0821986950821242
"z.Test.Person.84",0.310562286108796,0.0818275267965185
"z.Test.Person.85",0.310758249266979,0.0821708966659824
"z.Test.Person.86",0.310684510451887,0.0815470834618256
"z.Test.Person.87",0.311312759264672,0.0807266555100441
"z.Test.Person.88",0.310831727181297,0.0808809203034238
"z.Test.Person.89",0.310453211454792,0.0798563641618256
"z.Test.Person.90",0.310485062498029,0.0798020582624771
"z.Test.Person.91",0.308801175169068,0.0814367670977706
"z.Test.Person.92",0.307906992879207,0.0819628624654089
"z.Test.Person.93",0.30845267150405,0.081817428090906
"z.Test.Person.94",0.308208290249877,0.0811844991247207
"z.Test.Person.95",0.308063704535643,0.0812669433381032
"z.Test.Person.96",0.308159468516554,0.0823004341780455
"z.Test.Person.97",0.309296715489929,0.0815602209193892
"z.Test.Person.98",0.30968738368109,0.0802734208663726
"z.Test.Person.99",0.30921047757488,0.0798910843974483
"z.Test.Person.100",0.307242860191417,0.0804634154898202
"z.Test.Person.101",0.305044722337357,0.0825268814171021
"z.Test.Person.102",0.30341944208934,0.0839284205732134
"z.Test.Person.103",0.303662410791855,0.0841213392917543
"z.Test.Person.104",0.304552800892221,0.0840038189010859
"z.Test.Person.105",0.305871632011255,0.0832309454770411
"z.Test.Person.106",0.306120063806618,0.0831126361981676
"z.Test.Person.107",0.305243646869621,0.0839293203929454
"z.Test.Person.108",0.304751946820378,0.0839087724487601
"z.Test.Person.109",0.306167926592292,0.0824149044940821
"z.Test.Person.110",0.308128197342557,0.0805424730543424
"z.Test.Person.111",0.309303952707594,0.0792949144502884
"z.Test.Person.112",0.309575240147233,0.0792708336891415
"z.Test.Person.113",0.308417492144715,0.0808691630295894
"z.Test.Person.114",0.307157645538157,0.0821382363283916
"z.Test.Person.115",0.307974598382917,0.0815064195001697
"z.Test.Person.116",0.309488068693321,0.079497219059793
"z.Test.Person.117",0.310269924504792,0.0777974383364065
"z.Test.Person.118",0.310854935350887,0.0777077981190702
"z.Test.Person.119",0.311968119608359,0.0774460607040448
"z.Test.Person.120",0.313774252713901,0.0771263449281303
"z.Test.Person.121",0.313781640504229,0.0767387288477027
"z.Test.Person.122",0.314381607951303,0.0754564093502579
"z.Test.Person.123",0.312557378777093,0.0763243603270105
"z.Test.Person.124",0.311663328166707,0.0774419217745843
"z.Test.Person.125",0.311555922020572,0.0768984802447777
"z.Test.Person.126",0.310696560234777,0.0772904380564642
"z.Test.Person.127",0.31130244145368,0.0771299931842552
"z.Test.Person.128",0.311484240422329,0.0768001718364778
"x.Gyro.Person.1",0.411937501867216,-0.0221737890971021
"x.Gyro.Person.2",0.41340293193576,-0.0226377558849352
"x.Gyro.Person.3",0.414143769297499,-0.0245374237267316
"x.Gyro.Person.4",0.415947617160072,-0.0254045340956871
"x.Gyro.Person.5",0.422883958453722,-0.0219099116948022
"x.Gyro.Person.6",0.423362411010504,-0.0194031084804852
"x.Gyro.Person.7",0.413821686113032,-0.0194626130018833
"x.Gyro.Person.8",0.406004892240145,-0.0199202175942243
"x.Gyro.Person.9",0.406990590889884,-0.0186690284488398
"x.Gyro.Person.10",0.409449512290385,-0.0159948118486288
"x.Gyro.Person.11",0.408930100389547,-0.0167310135398066
"x.Gyro.Person.12",0.411117998388458,-0.0211315119992576
"x.Gyro.Person.13",0.411821585545714,-0.0242402651062419
"x.Gyro.Person.14",0.408322805840399,-0.0239025082398914
"x.Gyro.Person.15",0.405064390982775,-0.0215297067757359
"x.Gyro.Person.16",0.401501137960642,-0.0193641620517679
"x.Gyro.Person.17",0.396203018860277,-0.0175065594582469
"x.Gyro.Person.18",0.395455775951767,-0.0143855518607933
"x.Gyro.Person.19",0.39971158519377,-0.0125495069589074
"x.Gyro.Person.20",0.404323964081451,-0.0152010511300071
"x.Gyro.Person.21",0.405312340593148,-0.0187217415363522
"x.Gyro.Person.22",0.409545058268537,-0.0202288384940743
"x.Gyro.Person.23",0.412844023480487,-0.0217936773741262
"x.Gyro.Person.24",0.408073327916049,-0.024079297736247
"x.Gyro.Person.25",0.403634541638331,-0.0257638418901595
"x.Gyro.Person.26",0.400663309373109,-0.0265804857173919
"x.Gyro.Person.27",0.398785183604192,-0.0265599974626705
"x.Gyro.Person.28",0.395847375862692,-0.0228547107463269
"x.Gyro.Person.29",0.391731251262524,-0.0178263291687546
"x.Gyro.Person.30",0.383896858854924,-0.0183890324119023
"x.Gyro.Person.31",0.383119628513249,-0.0204484382375602
"x.Gyro.Person.32",0.382271759024223,-0.0188681157147018
"x.Gyro.Person.33",0.380130947597758,-0.0163513310407645
"x.Gyro.Person.34",0.38303228125367,-0.0147034594705199
"x.Gyro.Person.35",0.385056554368148,-0.0156513482747119
"x.Gyro.Person.36",0.386392153447169,-0.0200788689993563
"x.Gyro.Person.37",0.393773788112088,-0.0240935557004377
"x.Gyro.Person.38",0.400999366298057,-0.0213882047664245
"x.Gyro.Person.39",0.403611095235504,-0.0156898008482576
"x.Gyro.Person.40",0.404995203674714,-0.0150038560587733
"x.Gyro.Person.41",0.404442494940233,-0.015485960189587
"x.Gyro.Person.42",0.402136090960972,-0.0168538180025463
"x.Gyro.Person.43",0.402033237927784,-0.0214452175105596
"x.Gyro.Person.44",0.39880405732029,-0.0225707720159617
"x.Gyro.Person.45",0.396232777196088,-0.0197393679749342
"x.Gyro.Person.46",0.392435765823693,-0.0177660270859145
"x.Gyro.Person.47",0.389498115953295,-0.0161102536908117
"x.Gyro.Person.48",0.389601200946455,-0.0144942036713848
"x.Gyro.Person.49",0.390827033339728,-0.0143257568612691
"x.Gyro.Person.50",0.393312446679252,-0.0127083546690624
"x.Gyro.Person.51",0.400385279725326,-0.0110869326513017
"x.Gyro.Person.52",0.406756419394337,-0.0131433913552121
"x.Gyro.Person.53",0.410437377177555,-0.0143371503584696
"x.Gyro.Person.54",0.412579370370567,-0.0158875175547523
"x.Gyro.Person.55",0.40650933720894,-0.0171665041380597
"x.Gyro.Person.56",0.398949884809787,-0.0139643678349063
"x.Gyro.Person.57",0.396998164317913,-0.0131097597182599
"x.Gyro.Person.58",0.398422424945577,-0.0125949266599423
"x.Gyro.Person.59",0.396640143809182,-0.00864557980105361
"x.Gyro.Person.60",0.398060045244461,-0.00747193913465996
"x.Gyro.Person.61",0.403597070152249,-0.00835928628623006
"x.Gyro.Person.62",0.406123142866218,-0.00845989658113064
"x.Gyro.Person.63",0.407221505638696,-0.00771957829762131
"x.Gyro.Person.64",0.403503880069459,-0.00880517152402104
"x.Gyro.Person.65",0.396247865046458,-0.0112193132980251
"x.Gyro.Person.66",0.396144530400802,-0.011368573805301
"x.Gyro.Person.67",0.395254857300837,-0.0133079614329718
"x.Gyro.Person.68",0.397649877743949,-0.0149331334394493
"x.Gyro.Person.69",0.407639180907242,-0.0119636321405911
"x.Gyro.Person.70",0.409485528442583,-0.00942639760376315
"x.Gyro.Person.71",0.397927634153782,-0.00858230752821513
"x.Gyro.Person.72",0.389133797253807,-0.00860372760242246
"x.Gyro.Person.73",0.387165661518995,-0.00820374464157821
"x.Gyro.Person.74",0.387798749816952,-0.00635699371468578
"x.Gyro.Person.75",0.387834937226125,-0.00767544256912793
"x.Gyro.Person.76",0.390289864619104,-0.012395663493092
"x.Gyro.Person.77",0.390983993241612,-0.0157253296737513
"x.Gyro.Person.78",0.38926015870016,-0.0168826040636105
"x.Gyro.Person.79",0.387829869066111,-0.0167659032616199
"x.Gyro.Person.80",0.38531453713716,-0.0157271457967289
"x.Gyro.Person.81",0.378789363777868,-0.0137164913116266
"x.Gyro.Person.82",0.375536343042356,-0.00910169870487207
"x.Gyro.Person.83",0.377606496448248,-0.00455484635551408
"x.Gyro.Person.84",0.382579614230612,-0.00500193971806278
"x.Gyro.Person.85",0.387046166851595,-0.0076712808424737
"x.Gyro.Person.86",0.391791000073477,-0.00903800777715541
"x.Gyro.Person.87",0.395205879056456,-0.0106579000921446
"x.Gyro.Person.88",0.390357687064177,-0.0131551407575806
"x.Gyro.Person.89",0.385166720348701,-0.0150550716695331
"x.Gyro.Person.90",0.383567964518296,-0.0163872234422579
"x.Gyro.Person.91",0.381489641254226,-0.0173665727695555
"x.Gyro.Person.92",0.376528326044387,-0.0148717223536327
"x.Gyro.Person.93",0.373408604754755,-0.011927037324574
"x.Gyro.Person.94",0.367593769991796,-0.0140938917870974
"x.Gyro.Person.95",0.368224845852671,-0.0159662312881778
"x.Gyro.Person.96",0.370139644053454,-0.0143764674524351
"x.Gyro.Person.97",0.368612741035397,-0.0117835632027224
"x.Gyro.Person.98",0.371170581609258,-0.0088632424697394
"x.Gyro.Person.99",0.373102535855154,-0.00790699014841059
"x.Gyro.Person.100",0.373004274085105,-0.0101764679469131
"x.Gyro.Person.101",0.379135846088355,-0.0138853492319376
"x.Gyro.Person.102",0.387576721546896,-0.012794130098983
"x.Gyro.Person.103",0.389619959860619,-0.00714626383394808
"x.Gyro.Person.104",0.391431238056424,-0.00532709560582117
"x.Gyro.Person.105",0.394087823281795,-0.00493268964860638
"x.Gyro.Person.106",0.39658604012544,-0.00436762546094469
"x.Gyro.Person.107",0.398026479393238,-0.00724498235516831
"x.Gyro.Person.108",0.396373944560759,-0.00808889289501493
"x.Gyro.Person.109",0.39394741145016,-0.00545925127288124
"x.Gyro.Person.110",0.39142765187306,-0.00466596378896505
"x.Gyro.Person.111",0.39007326738578,-0.00515879373322769
"x.Gyro.Person.112",0.389642625919789,-0.00514598365454055
"x.Gyro.Person.113",0.389643649892317,-0.00478137284230064
"x.Gyro.Person.114",0.393994584093807,-0.00283347497846183
"x.Gyro.Person.115",0.399137171730557,-0.00268263196746047
"x.Gyro.Person.116",0.404601695532887,-0.00645741886529013
"x.Gyro.Person.117",0.409220679673105,-0.00917992414654564
"x.Gyro.Person.118",0.409578230919236,-0.0109556818136257
"x.Gyro.Person.119",0.403204335842546,-0.00957750419082185
"x.Gyro.Person.120",0.395448647219266,-0.00419851789512725
"x.Gyro.Person.121",0.395297981050161,-0.00314514873434068
"x.Gyro.Person.122",0.399958987752781,-0.00282006965422124
"x.Gyro.Person.123",0.398953419832097,0.000234253555274856
"x.Gyro.Person.124",0.401101118676913,0.00118148464436956
"x.Gyro.Person.125",0.409888248821154,0.00156664613406176
"x.Gyro.Person.126",0.41688554910286,0.00183179164614048
"x.Gyro.Person.127",0.42131549835461,0.00225456942147268
"x.Gyro.Person.128",0.418574877754572,0.000879904454567356
"y.Gyro.Person.1",0.338274172956836,0.00576343856499152
"y.Gyro.Person.2",0.342479205413914,0.010357821342247
"y.Gyro.Person.3",0.334941750550171,0.0148338937195965
"y.Gyro.Person.4",0.326874140088115,0.0145458589074109
"y.Gyro.Person.5",0.335421950036776,0.0154230251872786
"y.Gyro.Person.6",0.340156835146257,0.0156977406687173
"y.Gyro.Person.7",0.34531048274111,0.012229195417601
"y.Gyro.Person.8",0.34486812129965,0.00848288939985748
"y.Gyro.Person.9",0.334384129135952,0.00619344169946115
"y.Gyro.Person.10",0.333218639221347,0.00948831175926264
"y.Gyro.Person.11",0.341716131111636,0.0147172132102579
"y.Gyro.Person.12",0.340899660045645,0.0129838869352077
"y.Gyro.Person.13",0.340475250113226,0.0086474064532114
"y.Gyro.Person.14",0.343072281457809,0.00726245802365694
"y.Gyro.Person.15",0.33769295175823,0.00935469562628096
"y.Gyro.Person.16",0.337754923935888,0.0124279377358195
"y.Gyro.Person.17",0.345041804645036,0.00927914644120903
"y.Gyro.Person.18",0.337378735645783,0.00493582098335256
"y.Gyro.Person.19",0.334475672897778,0.00860847384861893
"y.Gyro.Person.20",0.339824840350959,0.0143856079519783
"y.Gyro.Person.21",0.356424481226792,0.0157482332201459
"y.Gyro.Person.22",0.349556407719645,0.0119546143329216
"y.Gyro.Person.23",0.346843582915649,0.0058811905309603
"y.Gyro.Person.24",0.348541500297697,0.00408876336579131
"y.Gyro.Person.25",0.356711801116878,0.00491110946214455
"y.Gyro.Person.26",0.351097705802037,0.00332380356586698
"y.Gyro.Person.27",0.345829920118667,0.000803230184777062
"y.Gyro.Person.28",0.34663197824571,0.000635063832799287
"y.Gyro.Person.29",0.353955818269439,0.00495807354262504
"y.Gyro.Person.30",0.351487315631231,0.00809988503399525
"y.Gyro.Person.31",0.333242290890567,0.00468876710503224
"y.Gyro.Person.32",0.328653054373832,0.00152883166326434
"y.Gyro.Person.33",0.330716918460371,-0.000236006368718357
"y.Gyro.Person.34",0.338290345264273,-0.00398110682384798
"y.Gyro.Person.35",0.352826227887628,-0.0031797532071191
"y.Gyro.Person.36",0.354233339612841,0.00169461600582457
"y.Gyro.Person.37",0.343470429268788,0.00312991691905497
"y.Gyro.Person.38",0.340904381245866,-0.000173346157258229
"y.Gyro.Person.39",0.349530320866538,-0.00535183671056329
"y.Gyro.Person.40",0.348231061587953,-0.00481053366569189
"y.Gyro.Person.41",0.345253654973387,-0.00203142569940278
"y.Gyro.Person.42",0.331315097921939,-0.005407116358321
"y.Gyro.Person.43",0.330187981364042,-0.00862466328857482
"y.Gyro.Person.44",0.331782813921654,-0.0122230777232983
"y.Gyro.Person.45",0.332211712110814,-0.0148120698110519
"y.Gyro.Person.46",0.328415458656593,-0.00901956691065728
"y.Gyro.Person.47",0.33530265926171,-0.00275461478601629
"y.Gyro.Person.48",0.348030302290292,0.00147683261390261
"y.Gyro.Person.49",0.347218780520688,0.00141599025927723
"y.Gyro.Person.50",0.338350471452607,-0.00508910098062423
"y.Gyro.Person.51",0.33449188483559,-0.00674585412442484
"y.Gyro.Person.52",0.333818817495362,-0.00461886854642348
"y.Gyro.Person.53",0.335641973709206,-0.00130410196844927
"y.Gyro.Person.54",0.343713496499945,0.00335319600788599
"y.Gyro.Person.55",0.345919473699385,0.00170268024542246
"y.Gyro.Person.56",0.333957654433644,-0.00279920247378351
"y.Gyro.Person.57",0.337079467190278,-0.00448571486762131
"y.Gyro.Person.58",0.338820899163651,-0.00146621491961588
"y.Gyro.Person.59",0.340410426153355,0.00264441524502341
"y.Gyro.Person.60",0.3393942071368,-0.00103124291364947
"y.Gyro.Person.61",0.349868028021232,-0.00491469656550288
"y.Gyro.Person.62",0.357171126451978,-0.00257562495855786
"y.Gyro.Person.63",0.341006097599697,-0.000922592560527655
"y.Gyro.Person.64",0.331029114194315,-0.000200515535717001
"y.Gyro.Person.65",0.348366951570046,0.00186299696775025
"y.Gyro.Person.66",0.349660298123695,0.00526446133491856
"y.Gyro.Person.67",0.337439768911579,0.006694676419566
"y.Gyro.Person.68",0.328723292226476,0.00362037516642348
"y.Gyro.Person.69",0.33673965046504,0.00431099477750594
"y.Gyro.Person.70",0.336999194940672,0.00949024627095691
"y.Gyro.Person.71",0.34125597265226,0.0105008728531965
"y.Gyro.Person.72",0.341798281751682,0.0079397362897455
"y.Gyro.Person.73",0.329620614611327,0.0055662884306454
"y.Gyro.Person.74",0.322403786353428,0.00825783590914387
"y.Gyro.Person.75",0.336105226612155,0.0139652209191449
"y.Gyro.Person.76",0.342863834037307,0.0117568693016481
"y.Gyro.Person.77",0.341013159828855,0.005576577757962
"y.Gyro.Person.78",0.3395575477702,0.0043073115158965
"y.Gyro.Person.79",0.330960007091025,0.00684079407937564
"y.Gyro.Person.80",0.328607949538649,0.00900682341294876
"y.Gyro.Person.81",0.333230998703551,0.00531330461643468
"y.Gyro.Person.82",0.329872014767584,0.00162692381861215
"y.Gyro.Person.83",0.333034223040345,0.00596853174997625
"y.Gyro.Person.84",0.337093504541311,0.0103682389415609
"y.Gyro.Person.85",0.347722072071139,0.0101230358595521
"y.Gyro.Person.86",0.342218323534376,0.0078018000769189
"y.Gyro.Person.87",0.343886603610636,0.00415448861576858
"y.Gyro.Person.88",0.350690099391581,0.00304145442395215
"y.Gyro.Person.89",0.363105758727287,0.00329007732922973
"y.Gyro.Person.90",0.352998659268798,0.00198499826569732
"y.Gyro.Person.91",0.342602503535971,0.00206135290748829
"y.Gyro.Person.92",0.344654041450113,0.00220388305611113
"y.Gyro.Person.93",0.353362599660338,0.00302991235589617
"y.Gyro.Person.94",0.349474630305607,0.00399957380002511
"y.Gyro.Person.95",0.331474524689745,-0.000510724504319647
"y.Gyro.Person.96",0.326480773031336,-0.00321042683369868
"y.Gyro.Person.97",0.327069181336418,-0.00236638703716084
"y.Gyro.Person.98",0.333418975541927,-0.00544275671427893
"y.Gyro.Person.99",0.347392637325415,-0.00445667740185952
"y.Gyro.Person.100",0.349717106580249,0.000199916421671191
"y.Gyro.Person.101",0.341000016013085,-5.50744532219202e-05
"y.Gyro.Person.102",0.337205567665179,-0.00276137400664201
"y.Gyro.Person.103",0.342473517589032,-0.00676967717327791
"y.Gyro.Person.104",0.343926875385315,-0.00638998039103631
"y.Gyro.Person.105",0.342724906249771,-0.00337143817581948
"y.Gyro.Person.106",0.33066483990322,-0.00635149326843298
"y.Gyro.Person.107",0.332972327353925,-0.00961772357692569
"y.Gyro.Person.108",0.333539969134036,-0.0138051799383305
"y.Gyro.Person.109",0.333963829465508,-0.0162466438325314
"y.Gyro.Person.110",0.328872346142883,-0.00926708726383
"y.Gyro.Person.111",0.332167709175061,-0.00146313989919036
"y.Gyro.Person.112",0.342737406825971,0.00301982975326468
"y.Gyro.Person.113",0.345655665244706,0.00101573272959959
"y.Gyro.Person.114",0.339087177952643,-0.00628360796368836
"y.Gyro.Person.115",0.331092154194994,-0.00778806693711571
"y.Gyro.Person.116",0.337633514293498,-0.00650170118032236
"y.Gyro.Person.117",0.339103288403623,-0.00581435739592399
"y.Gyro.Person.118",0.340519537109496,-0.00632236251274516
"y.Gyro.Person.119",0.343737996744125,-0.0102846382985205
"y.Gyro.Person.120",0.333777065318394,-0.0123070076333017
"y.Gyro.Person.121",0.341147009401902,-0.0101846824454292
"y.Gyro.Person.122",0.344652851528902,-0.00397237385235426
"y.Gyro.Person.123",0.343361520993258,0.000168782479091957
"y.Gyro.Person.124",0.336824580048073,-0.00407021086264846
"y.Gyro.Person.125",0.348214099175459,-0.00760691622072854
"y.Gyro.Person.126",0.356843454754419,-0.00645427882947744
"y.Gyro.Person.127",0.343674796191852,-0.00470105042890227
"y.Gyro.Person.128",0.331976307291268,-0.00256419770634476
"z.Gyro.Person.1",0.249660979766336,0.00629869002425042
"z.Gyro.Person.2",0.251507311437434,0.00773916201506427
"z.Gyro.Person.3",0.252485272562906,0.00978517537183916
"z.Gyro.Person.4",0.251017019352321,0.0100770022490994
"z.Gyro.Person.5",0.246435657004849,0.00733951574761147
"z.Gyro.Person.6",0.249026089162091,0.00304813773410417
"z.Gyro.Person.7",0.249851874240564,0.0016940419974452
"z.Gyro.Person.8",0.247486528832998,0.00516700823450628
"z.Gyro.Person.9",0.242038332421325,0.00791190724613336
"z.Gyro.Person.10",0.240249407509237,0.00750930758893179
"z.Gyro.Person.11",0.24709505937501,0.00742378902842314
"z.Gyro.Person.12",0.25007747873048,0.0081337458751337
"z.Gyro.Person.13",0.247067056252636,0.00998678238833526
"z.Gyro.Person.14",0.248477432017245,0.0112800195344235
"z.Gyro.Person.15",0.252936036019072,0.00834285419761113
"z.Gyro.Person.16",0.255785774861258,0.00512873410600271
"z.Gyro.Person.17",0.256135896039581,0.00516031701460129
"z.Gyro.Person.18",0.251728945091262,0.00591442802496098
"z.Gyro.Person.19",0.246658547321881,0.00487108345102511
"z.Gyro.Person.20",0.246468325449829,0.00185447492934371
"z.Gyro.Person.21",0.247213927061016,0.000944518420309128
"z.Gyro.Person.22",0.247405975642101,0.003411901807302
"z.Gyro.Person.23",0.252867884339734,0.00547132577049881
"z.Gyro.Person.24",0.257356711361574,0.00629183617642294
"z.Gyro.Person.25",0.25549530862181,0.00668417917812182
"z.Gyro.Person.26",0.256604915587863,0.00645662569285545
"z.Gyro.Person.27",0.25514129964507,0.00595210362472684
"z.Gyro.Person.28",0.253313509613266,0.00533436083446183
"z.Gyro.Person.29",0.2521037542626,0.00346114721324703
"z.Gyro.Person.30",0.251738346437776,0.00025348177574245
"z.Gyro.Person.31",0.253962411764973,-0.00239449558654394
"z.Gyro.Person.32",0.252848023894227,-0.00360242198014734
"z.Gyro.Person.33",0.254130487469299,-0.00352821682983034
"z.Gyro.Person.34",0.252472417941689,-0.0027978199742209
"z.Gyro.Person.35",0.253626661771996,-0.00204294221650865
"z.Gyro.Person.36",0.25538564006023,-0.00095235060523244
"z.Gyro.Person.37",0.252075251231509,6.46060802042756e-05
"z.Gyro.Person.38",0.252290412196597,4.73182397828302e-05
"z.Gyro.Person.39",0.257944224703433,-0.00114451188301289
"z.Gyro.Person.40",0.261990019941482,-0.00335306457214218
"z.Gyro.Person.41",0.255638925332189,-0.00444047097558324
"z.Gyro.Person.42",0.248384935473754,-0.00206258978742789
"z.Gyro.Person.43",0.245200423161589,0.000483159784692908
"z.Gyro.Person.44",0.248262716278593,0.000816262553947065
"z.Gyro.Person.45",0.254519626843044,0.00244678759331049
"z.Gyro.Person.46",0.254978015467358,0.00547110831922972
"z.Gyro.Person.47",0.251590019527575,0.00638374604493655
"z.Gyro.Person.48",0.248358838881894,0.00385644270487343
"z.Gyro.Person.49",0.25159185267214,-0.000398673931693248
"z.Gyro.Person.50",0.254873904195371,-0.00271377724618154
"z.Gyro.Person.51",0.250873768107747,-0.00233055238066576
"z.Gyro.Person.52",0.249298928707624,-0.00159199158530031
"z.Gyro.Person.53",0.251159483115244,-0.00131251777550255
"z.Gyro.Person.54",0.252552924084423,0.000200246675782152
"z.Gyro.Person.55",0.254563524411993,0.00318379472438073
"z.Gyro.Person.56",0.259403428992852,0.0050140644706885
"z.Gyro.Person.57",0.25731069295799,0.00469030821235154
"z.Gyro.Person.58",0.250871814374302,0.00329705041987072
"z.Gyro.Person.59",0.247423074204365,0.00213632748725144
"z.Gyro.Person.60",0.249812527379799,0.00257745821658364
"z.Gyro.Person.61",0.250396690996985,0.00494121031215134
"z.Gyro.Person.62",0.251787782975174,0.0071101557336342
"z.Gyro.Person.63",0.2490489573956,0.00694509833074754
"z.Gyro.Person.64",0.244875088155028,0.00562979380188734
"z.Gyro.Person.65",0.245968442268341,0.00451400249761656
"z.Gyro.Person.66",0.246261264395708,0.00490548870125361
"z.Gyro.Person.67",0.245835049915383,0.00746369111949678
"z.Gyro.Person.68",0.246169082686472,0.00865226437504784
"z.Gyro.Person.69",0.242032932174453,0.00680610908721446
"z.Gyro.Person.70",0.243506348905589,0.00406972811028334
"z.Gyro.Person.71",0.242029381013549,0.00336915725717984
"z.Gyro.Person.72",0.237318865238349,0.00622477794462504
"z.Gyro.Person.73",0.232604341682145,0.00801238422330675
"z.Gyro.Person.74",0.232379419887001,0.00612106174437801
"z.Gyro.Person.75",0.239880130261839,0.00429729579369969
"z.Gyro.Person.76",0.24187353002289,0.00386600081022701
"z.Gyro.Person.77",0.235805472222651,0.00511744916733424
"z.Gyro.Person.78",0.238674107058614,0.00577312373713811
"z.Gyro.Person.79",0.24719449086984,0.00195838823714286
"z.Gyro.Person.80",0.252703138432417,-0.00188037377016288
"z.Gyro.Person.81",0.251688060037193,-0.00146398055374279
"z.Gyro.Person.82",0.246245239224256,1.08081501934171e-05
"z.Gyro.Person.83",0.242592019110806,-0.000649276304556837
"z.Gyro.Person.84",0.240956427332638,-0.00230428544254975
"z.Gyro.Person.85",0.241719815402478,-0.00105425511854394
"z.Gyro.Person.86",0.245263712518419,0.00240309795782185
"z.Gyro.Person.87",0.252546143361232,0.00444760890066508
"z.Gyro.Person.88",0.255231759940586,0.00535851143789223
"z.Gyro.Person.89",0.254001651373279,0.00633743985181371
"z.Gyro.Person.90",0.25670633616083,0.00758081765146759
"z.Gyro.Person.91",0.254797784721817,0.0082975961460129
"z.Gyro.Person.92",0.25114781177018,0.00761093014949406
"z.Gyro.Person.93",0.250211744890226,0.00570974574887547
"z.Gyro.Person.94",0.251251470308769,0.00313081158205735
"z.Gyro.Person.95",0.25327561630373,0.00137820126581439
"z.Gyro.Person.96",0.249308256583554,0.000755164104565931
"z.Gyro.Person.97",0.248804176460391,0.000741988993036987
"z.Gyro.Person.98",0.247939314263624,0.00146626459467289
"z.Gyro.Person.99",0.250787051218741,0.00147097376686427
"z.Gyro.Person.100",0.253272505580191,0.000864398481786902
"z.Gyro.Person.101",0.249446199427741,0.0012275891599189
"z.Gyro.Person.102",0.250414125355098,0.00177085031917204
"z.Gyro.Person.103",0.256767624253824,0.00125688048230777
"z.Gyro.Person.104",0.258367601855014,-0.00110169524192501
"z.Gyro.Person.105",0.251032957400371,-0.00322492879654693
"z.Gyro.Person.106",0.244360403768464,-0.00255724936672888
"z.Gyro.Person.107",0.242433447464886,-0.00202468784909739
"z.Gyro.Person.108",0.244688807382872,-0.00250170795149237
"z.Gyro.Person.109",0.251586265661803,-0.000704060808844248
"z.Gyro.Person.110",0.251883700740738,0.00306131547484561
"z.Gyro.Person.111",0.246950170663666,0.00514060406350458
"z.Gyro.Person.112",0.241636355110901,0.00264118851644452
"z.Gyro.Person.113",0.247880190196534,-0.00220248875761792
"z.Gyro.Person.114",0.25491799144943,-0.00527818145215372
"z.Gyro.Person.115",0.25022197921866,-0.00610226667142586
"z.Gyro.Person.116",0.243490827165778,-0.0058350418702002
"z.Gyro.Person.117",0.243760892166479,-0.00531100959804751
"z.Gyro.Person.118",0.244615873901991,-0.00269598636897523
"z.Gyro.Person.119",0.250951529443016,0.00246445836218188
"z.Gyro.Person.120",0.258173418768831,0.00611463384427893
"z.Gyro.Person.121",0.253787574522317,0.00604347143390668
"z.Gyro.Person.122",0.246674629522762,0.00354076335132643
"z.Gyro.Person.123",0.244085714071516,0.00220632227920597
"z.Gyro.Person.124",0.245949685565501,0.00364892712932542
"z.Gyro.Person.125",0.245874472112427,0.00603243209334238
"z.Gyro.Person.126",0.249055351327933,0.00772234401499152
"z.Gyro.Person.127",0.247319935760996,0.00666369735099525
"z.Gyro.Person.128",0.244056059836519,0.00383447089459857
"x.Train.Person.1",0.387427080642195,0.825876293617068
"x.Train.Person.2",0.386105394891511,0.825704863689549
"x.Train.Person.3",0.387428908989772,0.827752163604004
"x.Train.Person.4",0.387268627240452,0.830641267355446
"x.Train.Person.5",0.386973604169075,0.832708409510791
"x.Train.Person.6",0.387925387292449,0.833098164135154
"x.Train.Person.7",0.388071822459262,0.831005410799389
"x.Train.Person.8",0.388034641068931,0.829110856257109
"x.Train.Person.9",0.388824272081527,0.829872393735283
"x.Train.Person.10",0.391218345859922,0.831057065914442
"x.Train.Person.11",0.391728012898003,0.832334297206278
"x.Train.Person.12",0.393602550692274,0.834168649430709
"x.Train.Person.13",0.395412786535924,0.834878874785036
"x.Train.Person.14",0.394154134907815,0.834611835051205
"x.Train.Person.15",0.393024501271162,0.834527881935629
"x.Train.Person.16",0.391875988923095,0.833772769445789
"x.Train.Person.17",0.389593174463364,0.830233338319104
"x.Train.Person.18",0.38559107037254,0.826196974212966
"x.Train.Person.19",0.384609439834167,0.825576636994571
"x.Train.Person.20",0.388337214616307,0.827550426952833
"x.Train.Person.21",0.390306068811443,0.82990569475073
"x.Train.Person.22",0.387957726739973,0.830247193805565
"x.Train.Person.23",0.38637931568318,0.828603175017102
"x.Train.Person.24",0.387916814820488,0.827766217510689
"x.Train.Person.25",0.38972040508624,0.82725509177817
"x.Train.Person.26",0.388296933084714,0.826168579307092
"x.Train.Person.27",0.385794475011375,0.82569175506644
"x.Train.Person.28",0.384415687322422,0.825209554992467
"x.Train.Person.29",0.384971471602735,0.824720652929827
"x.Train.Person.30",0.387547944342823,0.827126303602715
"x.Train.Person.31",0.391071038130083,0.830280080667425
"x.Train.Person.32",0.392760593930717,0.829993101291826
"x.Train.Person.33",0.391483253562788,0.830808005999335
"x.Train.Person.34",0.390952224743574,0.833665714805667
"x.Train.Person.35",0.389535421465445,0.833170214035697
"x.Train.Person.36",0.388050111671543,0.832290269444079
"x.Train.Person.37",0.388705740990552,0.832746516329284
"x.Train.Person.38",0.391117182363103,0.831695617831541
"x.Train.Person.39",0.390462783691429,0.831575608151442
"x.Train.Person.40",0.38885501671376,0.83277730703848
"x.Train.Person.41",0.389378969448654,0.833680907278622
"x.Train.Person.42",0.389816130725128,0.834330033401086
"x.Train.Person.43",0.390954423656369,0.834243682071361
"x.Train.Person.44",0.391337159665272,0.834263446922056
"x.Train.Person.45",0.38797591810283,0.83250114650696
"x.Train.Person.46",0.386496251618262,0.829413425476349
"x.Train.Person.47",0.389064100419478,0.829516796064269
"x.Train.Person.48",0.39077000573325,0.829825254150071
"x.Train.Person.49",0.390406850235345,0.82851725788473
"x.Train.Person.50",0.390678234575991,0.828630640325416
"x.Train.Person.51",0.390558946672713,0.828599957157007
"x.Train.Person.52",0.390409383567716,0.828219580448049
"x.Train.Person.53",0.389439018207953,0.828318257434442
"x.Train.Person.54",0.3885036022691,0.827060624790431
"x.Train.Person.55",0.386658668955448,0.826338221595738
"x.Train.Person.56",0.387159956381359,0.828144082095521
"x.Train.Person.57",0.38815159393509,0.829873132468205
"x.Train.Person.58",0.388395639457305,0.83031130835361
"x.Train.Person.59",0.388281615395443,0.830778186509365
"x.Train.Person.60",0.390039412085992,0.830916814853241
"x.Train.Person.61",0.390984227057227,0.829676638073804
"x.Train.Person.62",0.39028152592544,0.828106548802036
"x.Train.Person.63",0.389973889916208,0.827528733627332
"x.Train.Person.64",0.390937910074576,0.827119242412521
"x.Train.Person.65",0.39018547842621,0.826333447407024
"x.Train.Person.66",0.389323990864512,0.82685816212511
"x.Train.Person.67",0.39126328155182,0.829300628161147
"x.Train.Person.68",0.391279206286429,0.831564246249576
"x.Train.Person.69",0.389936742190929,0.832717975602749
"x.Train.Person.70",0.390143838728365,0.832919198336546
"x.Train.Person.71",0.390428443399304,0.831362173904581
"x.Train.Person.72",0.390714229000313,0.830141773986359
"x.Train.Person.73",0.391077980248426,0.830669422119335
"x.Train.Person.74",0.392569192887583,0.830495264028795
"x.Train.Person.75",0.391946985928222,0.830304142393926
"x.Train.Person.76",0.392162145761725,0.830715334056736
"x.Train.Person.77",0.392382376482068,0.830172431661181
"x.Train.Person.78",0.391028236688046,0.829423095001493
"x.Train.Person.79",0.390230161058463,0.828946817589175
"x.Train.Person.80",0.38808683626189,0.828127691146502
"x.Train.Person.81",0.385595541258831,0.82554222478568
"x.Train.Person.82",0.383385332335322,0.822467723649681
"x.Train.Person.83",0.384223245534424,0.82272835090431
"x.Train.Person.84",0.387120686165005,0.825053875748219
"x.Train.Person.85",0.389038962835391,0.827141426140618
"x.Train.Person.86",0.388384282087273,0.828649747408551
"x.Train.Person.87",0.387715483181784,0.828975006809094
"x.Train.Person.88",0.390007865170719,0.82944650501907
"x.Train.Person.89",0.392603022292067,0.830154699023369
"x.Train.Person.90",0.391640532416938,0.830033700361147
"x.Train.Person.91",0.389113078983748,0.829752837467866
"x.Train.Person.92",0.387373144454129,0.829103864702341
"x.Train.Person.93",0.387765780415019,0.828533025823957
"x.Train.Person.94",0.390127022679126,0.830314255293926
"x.Train.Person.95",0.393535838062155,0.832668743557822
"x.Train.Person.96",0.394383647981157,0.832044398127591
"x.Train.Person.97",0.392983761389352,0.832335208041072
"x.Train.Person.98",0.392930407639515,0.835087343484662
"x.Train.Person.99",0.391453827047338,0.834310122672956
"x.Train.Person.100",0.389371864860687,0.832495806233695
"x.Train.Person.101",0.391307882220067,0.833186903668951
"x.Train.Person.102",0.393932833208478,0.832087296779827
"x.Train.Person.103",0.391370442404975,0.830118981302443
"x.Train.Person.104",0.388069508231003,0.829581409804337
"x.Train.Person.105",0.387118983441837,0.829265012636919
"x.Train.Person.106",0.386652500456428,0.829045887285375
"x.Train.Person.107",0.387062199600137,0.828912184064574
"x.Train.Person.108",0.386632225188811,0.828647992843672
"x.Train.Person.109",0.384412861167224,0.826526798579576
"x.Train.Person.110",0.384964926379496,0.824532976130692
"x.Train.Person.111",0.388836811093069,0.826522488205769
"x.Train.Person.112",0.391318540147666,0.828545705075419
"x.Train.Person.113",0.391193749170778,0.82859427806661
"x.Train.Person.114",0.391595001639903,0.829333445610112
"x.Train.Person.115",0.39200252547599,0.829826798755921
"x.Train.Person.116",0.391555091553704,0.830404199862318
"x.Train.Person.117",0.390142942110003,0.831144441905769
"x.Train.Person.118",0.388552730799376,0.829512205037462
"x.Train.Person.119",0.385568795954045,0.828241405452202
"x.Train.Person.120",0.385428503435206,0.830123546130472
"x.Train.Person.121",0.387322429561484,0.831679807750526
"x.Train.Person.122",0.388253514657956,0.831658605501218
"x.Train.Person.123",0.3884722124168,0.83155456340587
"x.Train.Person.124",0.390581096045472,0.830882509362911
"x.Train.Person.125",0.391218912276578,0.829724215524092
"x.Train.Person.126",0.389715486796402,0.82897666094625
"x.Train.Person.127",0.389972566834449,0.829156135160756
"x.Train.Person.128",0.391233593605882,0.829029047373838
"y.Train.Person.1",0.416510352227774,0.0222413687803868
"y.Train.Person.2",0.415201941898607,0.0230084868244418
"y.Train.Person.3",0.415595363164415,0.0225560080307397
"y.Train.Person.4",0.416279835307313,0.0225929515884968
"y.Train.Person.5",0.416178215916872,0.0230870515311503
"y.Train.Person.6",0.416322857012788,0.0231850011097693
"y.Train.Person.7",0.41625571045951,0.0233590079522056
"y.Train.Person.8",0.417630559066594,0.0219930227002375
"y.Train.Person.9",0.41929380604342,0.0205064777094333
"y.Train.Person.10",0.419719042002869,0.0192227331888599
"y.Train.Person.11",0.421713018288193,0.0173660966532066
"y.Train.Person.12",0.423335216877758,0.016325225612623
"y.Train.Person.13",0.422515802498649,0.0150334454290126
"y.Train.Person.14",0.422020131110016,0.0138685708387852
"y.Train.Person.15",0.421151595468956,0.0146520699005803
"y.Train.Person.16",0.420037437621135,0.0171543894540278
"y.Train.Person.17",0.41921257105236,0.019237332783339
"y.Train.Person.18",0.418703308767897,0.0195351637391483
"y.Train.Person.19",0.418260517610597,0.0187948427058364
"y.Train.Person.20",0.419505881070062,0.0164135236180353
"y.Train.Person.21",0.4208517787737,0.0145845456744825
"y.Train.Person.22",0.420013034565519,0.0158150719738717
"y.Train.Person.23",0.418282941331554,0.0175316337106142
"y.Train.Person.24",0.418750374851911,0.0184404505723515
"y.Train.Person.25",0.418881948140833,0.0191978141430947
"y.Train.Person.26",0.417745778247374,0.0201317218446895
"y.Train.Person.27",0.417188721258677,0.0201152015847981
"y.Train.Person.28",0.417822968084115,0.0188572387749033
"y.Train.Person.29",0.419248342178832,0.0186264552339667
"y.Train.Person.30",0.419199841034495,0.019178955183529
"y.Train.Person.31",0.417644887208001,0.0199623828795385
"y.Train.Person.32",0.417940123056459,0.0206991951969121
"y.Train.Person.33",0.417773081859077,0.0203108143418392
"y.Train.Person.34",0.417445491382137,0.020186418525962
"y.Train.Person.35",0.4180706875906,0.0205403484964167
"y.Train.Person.36",0.419593133806258,0.0199318200976179
"y.Train.Person.37",0.420632386201817,0.0192909892723414
"y.Train.Person.38",0.420526100006151,0.0193418318980319
"y.Train.Person.39",0.421356876264805,0.0180887376709535
"y.Train.Person.40",0.421717208359101,0.016523931530397
"y.Train.Person.41",0.420851060724857,0.0176928425794605
"y.Train.Person.42",0.419648222340559,0.0196720947554153
"y.Train.Person.43",0.418624306080948,0.0205233828586359
"y.Train.Person.44",0.417968110701738,0.0207351399446963
"y.Train.Person.45",0.417633303674264,0.0212938512357991
"y.Train.Person.46",0.417265051154829,0.0224882694804886
"y.Train.Person.47",0.416917692378575,0.0223180986151001
"y.Train.Person.48",0.417084621040133,0.0215215922836444
"y.Train.Person.49",0.417876599745407,0.0215466924267967
"y.Train.Person.50",0.418513319114289,0.02196597811113
"y.Train.Person.51",0.418127676541451,0.0226731198265694
"y.Train.Person.52",0.417887139818787,0.0224779060154394
"y.Train.Person.53",0.418546535331755,0.0213155291224296
"y.Train.Person.54",0.419210003791072,0.0203540358107228
"y.Train.Person.55",0.416815637075066,0.0208787874244486
"y.Train.Person.56",0.415041108848608,0.0222553735180862
"y.Train.Person.57",0.415008506323339,0.0234154965693926
"y.Train.Person.58",0.413659163016603,0.0256375711347472
"y.Train.Person.59",0.413026641511536,0.0263960180693699
"y.Train.Person.60",0.41469244498886,0.0249280405295894
"y.Train.Person.61",0.416242625468567,0.0237239561109807
"y.Train.Person.62",0.417907979119112,0.0218253332779097
"y.Train.Person.63",0.418541508440161,0.0202062951065083
"y.Train.Person.64",0.418738308570104,0.0194715155898609
"y.Train.Person.65",0.41805135220907,0.0195426348059382
"y.Train.Person.66",0.416799937600808,0.0202727331305836
"y.Train.Person.67",0.417143894161224,0.019844848807903
"y.Train.Person.68",0.41795929169715,0.019899659115134
"y.Train.Person.69",0.418195708694568,0.0203881970826603
"y.Train.Person.70",0.41788903298156,0.0209289504929386
"y.Train.Person.71",0.416854165752717,0.0220638228735494
"y.Train.Person.72",0.417429331975829,0.0216044513799118
"y.Train.Person.73",0.418551378592571,0.0207781206700373
"y.Train.Person.74",0.418783221942365,0.0197375503285036
"y.Train.Person.75",0.420156270200656,0.017987138516661
"y.Train.Person.76",0.421558734487544,0.017250765755453
"y.Train.Person.77",0.421313294970676,0.0162392687067526
"y.Train.Person.78",0.420574243443419,0.0156928033256193
"y.Train.Person.79",0.41937158591439,0.0171970126730573
"y.Train.Person.80",0.418582105922101,0.019530173423624
"y.Train.Person.81",0.41810007924576,0.0211689512083475
"y.Train.Person.82",0.417583326955695,0.021416642721096
"y.Train.Person.83",0.417002486957598,0.0208329280303699
"y.Train.Person.84",0.417844399276081,0.0189438895567526
"y.Train.Person.85",0.419117208135455,0.0172679291175772
"y.Train.Person.86",0.41851304420491,0.0182178430502206
"y.Train.Person.87",0.416574181173836,0.0200106908510282
"y.Train.Person.88",0.416907784800443,0.0209645396252189
"y.Train.Person.89",0.417579699169432,0.0216304497888022
"y.Train.Person.90",0.41698219298465,0.0222030990028504
"y.Train.Person.91",0.417054922196514,0.0214893282583644
"y.Train.Person.92",0.418036055303476,0.0202414769822328
"y.Train.Person.93",0.419067612705502,0.0202503601095351
"y.Train.Person.94",0.418929989986789,0.0204841205619138
"y.Train.Person.95",0.417467121340877,0.0208795072322328
"y.Train.Person.96",0.418189558411907,0.0209510922640652
"y.Train.Person.97",0.418657774936861,0.019479884283814
"y.Train.Person.98",0.418739186526038,0.018385330632511
"y.Train.Person.99",0.419425653914241,0.0182677665959756
"y.Train.Person.100",0.421236698544788,0.0179796963900679
"y.Train.Person.101",0.421803154598224,0.0185685144097353
"y.Train.Person.102",0.420075540469607,0.0202734805544622
"y.Train.Person.103",0.419446046450981,0.0203151570601968
"y.Train.Person.104",0.419608977923695,0.0192560341650085
"y.Train.Person.105",0.419350921869836,0.0199996014656261
"y.Train.Person.106",0.418921291358959,0.021153241991927
"y.Train.Person.107",0.418867548973866,0.021257264235867
"y.Train.Person.108",0.41835181488407,0.0208028091841941
"y.Train.Person.109",0.417758028490937,0.0211181353844248
"y.Train.Person.110",0.417553941253606,0.0220957808147268
"y.Train.Person.111",0.416807100428145,0.0216752765014591
"y.Train.Person.112",0.41672442625395,0.0211514855485918
"y.Train.Person.113",0.417151887395788,0.0214066669897421
"y.Train.Person.114",0.41713443285336,0.0221792004497116
"y.Train.Person.115",0.41718778564364,0.0231224754984391
"y.Train.Person.116",0.417994089261695,0.0221071142303359
"y.Train.Person.117",0.41940055004941,0.0200943006958941
"y.Train.Person.118",0.421117329212875,0.0185807029003054
"y.Train.Person.119",0.418826512383386,0.0190230614315745
"y.Train.Person.120",0.416264132071744,0.0215958865992874
"y.Train.Person.121",0.415945474264598,0.023459839476756
"y.Train.Person.122",0.414528286923412,0.025107081869189
"y.Train.Person.123",0.413819481768211,0.0255561837068317
"y.Train.Person.124",0.415632328439893,0.0241910485531049
"y.Train.Person.125",0.416877152219522,0.023029976262097
"y.Train.Person.126",0.418360117715119,0.0209012201453342
"y.Train.Person.127",0.418847820358888,0.0191711374000271
"y.Train.Person.128",0.41851286355546,0.0189143846383848
"z.Train.Person.1",0.312909184459924,0.0402965544775331
"z.Train.Person.2",0.313444697375394,0.0406469376351544
"z.Train.Person.3",0.315097914436726,0.039736464337869
"z.Train.Person.4",0.314042475478552,0.0379746561748728
"z.Train.Person.5",0.312709554145348,0.036998557787886
"z.Train.Person.6",0.313208349441214,0.0372502035234069
"z.Train.Person.7",0.312660992537902,0.0385208561806244
"z.Train.Person.8",0.310609387269983,0.0403699651786902
"z.Train.Person.9",0.310496118527553,0.0407563276192399
"z.Train.Person.10",0.311909748027354,0.0401857317837869
"z.Train.Person.11",0.312000641096895,0.0406865894465694
"z.Train.Person.12",0.311338833747649,0.0414608282726841
"z.Train.Person.13",0.310494071992131,0.0417016009184119
"z.Train.Person.14",0.310594082448244,0.0414708541360774
"z.Train.Person.15",0.311411926553016,0.0401799742207669
"z.Train.Person.16",0.312437918134727,0.0384769648094096
"z.Train.Person.17",0.312812591650414,0.0375554855085239
"z.Train.Person.18",0.311367610492148,0.0375851736184656
"z.Train.Person.19",0.309958459220589,0.0382631584704785
"z.Train.Person.20",0.309089845709246,0.0382646287742857
"z.Train.Person.21",0.308896973117047,0.0368524355309807
"z.Train.Person.22",0.309652835340114,0.0350911602895826
"z.Train.Person.23",0.310264644491176,0.034147887927282
"z.Train.Person.24",0.311202710900018,0.033844064765073
"z.Train.Person.25",0.312126095893729,0.0332087628239566
"z.Train.Person.26",0.312015938758633,0.0329443616812352
"z.Train.Person.27",0.311605832656188,0.0334892446812962
"z.Train.Person.28",0.310559400203103,0.0336511545864815
"z.Train.Person.29",0.309968139471556,0.0329607738245232
"z.Train.Person.30",0.311204531523773,0.0320446369428504
"z.Train.Person.31",0.311201085025151,0.0320233871657957
"z.Train.Person.32",0.310855452592766,0.032254090717795
"z.Train.Person.33",0.309777967750425,0.0325112059703767
"z.Train.Person.34",0.307336660330836,0.0335090907568714
"z.Train.Person.35",0.308947315560649,0.0337130266539192
"z.Train.Person.36",0.309720489945858,0.0334447435756871
"z.Train.Person.37",0.309895525335658,0.0331409349274516
"z.Train.Person.38",0.311144837153795,0.031861383898361
"z.Train.Person.39",0.312643073409645,0.0304863185081099
"z.Train.Person.40",0.314878926233694,0.0291733022279267
"z.Train.Person.41",0.315814268459889,0.0296148421481846
"z.Train.Person.42",0.313653568902313,0.0318435761385816
"z.Train.Person.43",0.313424524146861,0.0321354234014883
"z.Train.Person.44",0.312290433641242,0.031368111027282
"z.Train.Person.45",0.310310539347129,0.0308367379884289
"z.Train.Person.46",0.311121438326574,0.0298739676760434
"z.Train.Person.47",0.312435126960135,0.0299968955085104
"z.Train.Person.48",0.313016183822686,0.0307580868960638
"z.Train.Person.49",0.313793651979859,0.0304422804120258
"z.Train.Person.50",0.314837923001226,0.0300084901158025
"z.Train.Person.51",0.315135625303536,0.0307593295523414
"z.Train.Person.52",0.315530339690665,0.0312270417314218
"z.Train.Person.53",0.314827278169258,0.031319442419922
"z.Train.Person.54",0.313080406367386,0.0333505089002036
"z.Train.Person.55",0.310686376148423,0.0356201788072243
"z.Train.Person.56",0.310537536377476,0.0363322352961011
"z.Train.Person.57",0.311902095917154,0.0359867192256362
"z.Train.Person.58",0.315251981998977,0.0348056926013811
"z.Train.Person.59",0.317171978774944,0.0346184336751137
"z.Train.Person.60",0.3180235836937,0.0352155373007805
"z.Train.Person.61",0.318205986502443,0.0356930847911775
"z.Train.Person.62",0.316666394008773,0.0365038340223957
"z.Train.Person.63",0.315984471640653,0.036993621880716
"z.Train.Person.64",0.31501684953541,0.0378724165045606
"z.Train.Person.65",0.31412930740768,0.0387668104498778
"z.Train.Person.66",0.315768320679184,0.03836486297981
"z.Train.Person.67",0.317906845233994,0.0370922683605022
"z.Train.Person.68",0.315749867220491,0.0355484359755514
"z.Train.Person.69",0.313557299651856,0.0348493493518493
"z.Train.Person.70",0.313944735865494,0.0350185342939532
"z.Train.Person.71",0.31333944673416,0.0359419251959959
"z.Train.Person.72",0.31148646919637,0.0372410941616831
"z.Train.Person.73",0.312097987712292,0.0372597007813098
"z.Train.Person.74",0.31371027995123,0.0368592144236138
"z.Train.Person.75",0.313810154360974,0.0372878980967221
"z.Train.Person.76",0.313653132808655,0.0378092400295215
"z.Train.Person.77",0.313708579319514,0.0377024130993756
"z.Train.Person.78",0.313431826876632,0.0371748062729284
"z.Train.Person.79",0.312902132189709,0.0368490694983373
"z.Train.Person.80",0.312640776136757,0.0366626230868103
"z.Train.Person.81",0.312434271950745,0.0365815063893519
"z.Train.Person.82",0.310929016837106,0.0364532748608476
"z.Train.Person.83",0.308948703865878,0.0366551800817102
"z.Train.Person.84",0.307531109340385,0.0374079120720461
"z.Train.Person.85",0.307597348247914,0.0368783137274516
"z.Train.Person.86",0.309142173264396,0.0350936997103156
"z.Train.Person.87",0.310476479934964,0.0338295180085511
"z.Train.Person.88",0.312104509507793,0.0328692543633424
"z.Train.Person.89",0.313483081362497,0.0318993453119104
"z.Train.Person.90",0.313405027005526,0.0315862756648795
"z.Train.Person.91",0.312785565933748,0.0321965598700305
"z.Train.Person.92",0.312247020384173,0.0328336436563492
"z.Train.Person.93",0.31156044234981,0.0325710037376213
"z.Train.Person.94",0.312014309928518,0.0323583792903224
"z.Train.Person.95",0.312117290467135,0.0328914803198507
"z.Train.Person.96",0.312086919765452,0.0331717892855792
"z.Train.Person.97",0.311316857325254,0.0332761101529352
"z.Train.Person.98",0.308844788620456,0.0337293970860197
"z.Train.Person.99",0.309935161202946,0.0341073350982355
"z.Train.Person.100",0.310338782148258,0.0345943286496098
"z.Train.Person.101",0.310384908136431,0.0345987963007126
"z.Train.Person.102",0.311283180284045,0.033418810445358
"z.Train.Person.103",0.312471816309771,0.0321008111934849
"z.Train.Person.104",0.313111168445469,0.0312981251119444
"z.Train.Person.105",0.312757486819884,0.0319459129360027
"z.Train.Person.106",0.311862236572533,0.0333305573750933
"z.Train.Person.107",0.313528449308747,0.0327088787350478
"z.Train.Person.108",0.313486309952409,0.0315618203225653
"z.Train.Person.109",0.311606812425248,0.0314831843016288
"z.Train.Person.110",0.312054980395916,0.0310230965866644
"z.Train.Person.111",0.31313651657245,0.0310665861432575
"z.Train.Person.112",0.313282789822401,0.0318224125384119
"z.Train.Person.113",0.313646532839348,0.0317559697943129
"z.Train.Person.114",0.31478702881578,0.0318291666669393
"z.Train.Person.115",0.315094971856714,0.0323852395000848
"z.Train.Person.116",0.315121790204687,0.0320758613255853
"z.Train.Person.117",0.313747855829016,0.0323899267733152
"z.Train.Person.118",0.312160461613467,0.0344710462897523
"z.Train.Person.119",0.309882000642377,0.0358768486041636
"z.Train.Person.120",0.310407287519385,0.0359529105135765
"z.Train.Person.121",0.312589793445263,0.0351855677517645
"z.Train.Person.122",0.316127084059663,0.0339821448809874
"z.Train.Person.123",0.317463274875326,0.0342196237195182
"z.Train.Person.124",0.317879709287001,0.034777071828775
"z.Train.Person.125",0.31831478466569,0.0347883489336953
"z.Train.Person.126",0.316547151418038,0.0353895068002375
"z.Train.Person.127",0.315955293789364,0.0355084528218765
"z.Train.Person.128",0.315799453819109,0.0358141331284493
"x.Train.Gyro.Person.1",0.435954786839612,-0.00189367515083814
"x.Train.Gyro.Person.2",0.434096444149651,0.00176481184684255
"x.Train.Gyro.Person.3",0.426435997427917,0.00202530385841194
"x.Train.Gyro.Person.4",0.427741762760342,0.00204826083646318
"x.Train.Gyro.Person.5",0.431351927914675,-0.000370427395584662
"x.Train.Gyro.Person.6",0.432115524933571,-0.00593932913187988
"x.Train.Gyro.Person.7",0.430672028255959,-0.010955509625134
"x.Train.Gyro.Person.8",0.434904358236822,-0.0131813059514143
"x.Train.Gyro.Person.9",0.437053892234196,-0.010765593762225
"x.Train.Gyro.Person.10",0.436123319912931,-0.00717427683026807
"x.Train.Gyro.Person.11",0.435129288325748,-0.00678307840488463
"x.Train.Gyro.Person.12",0.433932095333022,-0.00745685608639905
"x.Train.Gyro.Person.13",0.436047337305407,-0.00589572062274856
"x.Train.Gyro.Person.14",0.432698624844902,-0.00321517027508789
"x.Train.Gyro.Person.15",0.429817815089284,-0.00169231042870954
"x.Train.Gyro.Person.16",0.431764433283014,-0.00114984065615202
"x.Train.Gyro.Person.17",0.435672354496817,-0.00370846873611469
"x.Train.Gyro.Person.18",0.434950699058815,-0.0082473958832847
"x.Train.Gyro.Person.19",0.434802123800316,-0.00981336786705565
"x.Train.Gyro.Person.20",0.431529724155018,-0.0088985904064642
"x.Train.Gyro.Person.21",0.431818935336959,-0.00651303984103356
"x.Train.Gyro.Person.22",0.436460438044946,-0.00266808947639159
"x.Train.Gyro.Person.23",0.444520253769697,0.00145770013823142
"x.Train.Gyro.Person.24",0.447120376213553,0.00379702319768381
"x.Train.Gyro.Person.25",0.445405279987721,0.00214577290931354
"x.Train.Gyro.Person.26",0.442106988741992,-0.00174968665710892
"x.Train.Gyro.Person.27",0.434364869917424,-0.00409712625946725
"x.Train.Gyro.Person.28",0.433651243852384,-0.00221991271107228
"x.Train.Gyro.Person.29",0.43503860149498,0.00327668539250356
"x.Train.Gyro.Person.30",0.431440184041431,0.00772235445029895
"x.Train.Gyro.Person.31",0.429272402697198,0.00689196756069664
"x.Train.Gyro.Person.32",0.423925592194433,0.00296526968904988
"x.Train.Gyro.Person.33",0.424296893541978,0.000654497694933832
"x.Train.Gyro.Person.34",0.428652451284562,-0.00173838917947557
"x.Train.Gyro.Person.35",0.428509379094984,-0.00506007809505938
"x.Train.Gyro.Person.36",0.430307915223514,-0.006647241928283
"x.Train.Gyro.Person.37",0.431570390040964,-0.00768665148033254
"x.Train.Gyro.Person.38",0.425796371890657,-0.00870633670469087
"x.Train.Gyro.Person.39",0.428758424568776,-0.00723487085867662
"x.Train.Gyro.Person.40",0.422312430837461,-0.00264331286876824
"x.Train.Gyro.Person.41",0.411414605389682,0.00167615781546318
"x.Train.Gyro.Person.42",0.41000950888614,0.00355820821270818
"x.Train.Gyro.Person.43",0.414115135409458,0.00347789361248083
"x.Train.Gyro.Person.44",0.419420879982749,0.00259709716294469
"x.Train.Gyro.Person.45",0.422134536578986,0.00485192230647574
"x.Train.Gyro.Person.46",0.421035226976491,0.00797731192168266
"x.Train.Gyro.Person.47",0.418005117864975,0.00814268925887954
"x.Train.Gyro.Person.48",0.408960407143122,0.00808902042246691
"x.Train.Gyro.Person.49",0.402382673651645,0.00676192264973532
"x.Train.Gyro.Person.50",0.403586456492951,0.00537808488103156
"x.Train.Gyro.Person.51",0.402560227467507,0.00481318864634272
"x.Train.Gyro.Person.52",0.397984703944931,0.00128670553839837
"x.Train.Gyro.Person.53",0.395621944500307,-0.000232764448259246
"x.Train.Gyro.Person.54",0.396853966434964,0.00231023437848887
"x.Train.Gyro.Person.55",0.401781870255392,0.00510762598020468
"x.Train.Gyro.Person.56",0.399480106974652,0.00909715351876824
"x.Train.Gyro.Person.57",0.403074214286313,0.0104466134305205
"x.Train.Gyro.Person.58",0.404224250739998,0.00604357666948334
"x.Train.Gyro.Person.59",0.406644258682403,0.00180193411574822
"x.Train.Gyro.Person.60",0.404546669904216,-0.000555292946616899
"x.Train.Gyro.Person.61",0.402477683953251,-0.004682982408321
"x.Train.Gyro.Person.62",0.402756919344828,-0.00869759669606176
"x.Train.Gyro.Person.63",0.405717709470773,-0.00903115905163319
"x.Train.Gyro.Person.64",0.409415971953646,-0.00532351346636749
"x.Train.Gyro.Person.65",0.41378481327456,0.000656102751275874
"x.Train.Gyro.Person.66",0.410161825746777,0.00343919292769528
"x.Train.Gyro.Person.67",0.399902255823563,0.00311591951955887
"x.Train.Gyro.Person.68",0.398863887318584,0.00336702893503122
"x.Train.Gyro.Person.69",0.40213436979387,0.000487224462532067
"x.Train.Gyro.Person.70",0.40485186678548,-0.00495403705994231
"x.Train.Gyro.Person.71",0.40667404201769,-0.00848038466473363
"x.Train.Gyro.Person.72",0.41229485224073,-0.0100163330836403
"x.Train.Gyro.Person.73",0.416125508653837,-0.00898604478699763
"x.Train.Gyro.Person.74",0.417317599571852,-0.0070007569981303
"x.Train.Gyro.Person.75",0.418288903078258,-0.00648052958294706
"x.Train.Gyro.Person.76",0.416181770794754,-0.0055582656538507
"x.Train.Gyro.Person.77",0.415806218617847,-0.00224251552484221
"x.Train.Gyro.Person.78",0.411788754827308,0.00054849514863115
"x.Train.Gyro.Person.79",0.41073729489015,0.000838531186376994
"x.Train.Gyro.Person.80",0.412066081433849,0.00113229017769257
"x.Train.Gyro.Person.81",0.413226097447507,-0.000530481166961995
"x.Train.Gyro.Person.82",0.412332792031659,-0.00422544616418731
"x.Train.Gyro.Person.83",0.412074190152081,-0.00534986853695724
"x.Train.Gyro.Person.84",0.41042316417353,-0.00486552450945029
"x.Train.Gyro.Person.85",0.411921123361319,-0.00361641527735049
"x.Train.Gyro.Person.86",0.415806460949331,-0.000616119242662369
"x.Train.Gyro.Person.87",0.423754876656605,0.0028166601617265
"x.Train.Gyro.Person.88",0.426267167718822,0.00432814701509134
"x.Train.Gyro.Person.89",0.42560551921928,0.00236010007626298
"x.Train.Gyro.Person.90",0.421660061679673,-0.00115947875174754
"x.Train.Gyro.Person.91",0.41474079766893,-0.00379215278420156
"x.Train.Gyro.Person.92",0.413729163918244,-0.00293778766710553
"x.Train.Gyro.Person.93",0.415972246554878,0.00207153123005361
"x.Train.Gyro.Person.94",0.414639493884711,0.00503922476540923
"x.Train.Gyro.Person.95",0.413865472797476,0.00192097515882016
"x.Train.Gyro.Person.96",0.411315452214101,-0.00312005559449949
"x.Train.Gyro.Person.97",0.412784534158489,-0.00563788753214455
"x.Train.Gyro.Person.98",0.415740911767428,-0.00656508765599406
"x.Train.Gyro.Person.99",0.414853894481826,-0.00708005610823549
"x.Train.Gyro.Person.100",0.412717105470575,-0.0061043281021717
"x.Train.Gyro.Person.101",0.409733687503112,-0.00603473009943672
"x.Train.Gyro.Person.102",0.40255582647933,-0.00760678103549847
"x.Train.Gyro.Person.103",0.405452068986057,-0.00672221307778079
"x.Train.Gyro.Person.104",0.40181441445714,-0.00306188879051239
"x.Train.Gyro.Person.105",0.395441783184705,0.000539652141740753
"x.Train.Gyro.Person.106",0.395616368895053,0.00191057254898575
"x.Train.Gyro.Person.107",0.401735585147049,0.000708469406640991
"x.Train.Gyro.Person.108",0.406814306379677,0.000568080525143536
"x.Train.Gyro.Person.109",0.408282510603594,0.00434158216833865
"x.Train.Gyro.Person.110",0.408990357983478,0.00808519171920557
"x.Train.Gyro.Person.111",0.407568678578386,0.00834466178423515
"x.Train.Gyro.Person.112",0.399396054915043,0.00762013773050221
"x.Train.Gyro.Person.113",0.393568395645762,0.00612601680456736
"x.Train.Gyro.Person.114",0.393048546330965,0.00410088963307533
"x.Train.Gyro.Person.115",0.391594135660824,0.00295040119731999
"x.Train.Gyro.Person.116",0.38932109278782,0.000489812650000001
"x.Train.Gyro.Person.117",0.385629297361305,0.000203953050033933
"x.Train.Gyro.Person.118",0.386090848926443,0.00444620863470536
"x.Train.Gyro.Person.119",0.389459302525568,0.00843968722642117
"x.Train.Gyro.Person.120",0.388118904395027,0.0124586342661927
"x.Train.Gyro.Person.121",0.394607853398246,0.0136923611941106
"x.Train.Gyro.Person.122",0.398325695253031,0.00899108545132385
"x.Train.Gyro.Person.123",0.40644762613104,0.00581657701649474
"x.Train.Gyro.Person.124",0.410253300114198,0.00456977868038344
"x.Train.Gyro.Person.125",0.410424094263501,0.000577994714580251
"x.Train.Gyro.Person.126",0.410192149845512,-0.00209439076918697
"x.Train.Gyro.Person.127",0.413209762170391,-0.00145670311518935
"x.Train.Gyro.Person.128",0.417015012220041,0.00182290613265762
"y.Train.Gyro.Person.1",0.419570006114149,0.0203994656239735
"y.Train.Gyro.Person.2",0.424296608639813,0.0166139811026423
"y.Train.Gyro.Person.3",0.426964158291723,0.0133896024350492
"y.Train.Gyro.Person.4",0.435094716390867,0.0140433241537
"y.Train.Gyro.Person.5",0.427354560824248,0.0196647638880875
"y.Train.Gyro.Person.6",0.424584002543646,0.0216386130812145
"y.Train.Gyro.Person.7",0.435361632343099,0.0147945633460943
"y.Train.Gyro.Person.8",0.430830843962373,0.00755848434701018
"y.Train.Gyro.Person.9",0.418967297590705,0.00543911867444221
"y.Train.Gyro.Person.10",0.414287149047324,0.00586269963823142
"y.Train.Gyro.Person.11",0.415248718452465,0.00693716051966892
"y.Train.Gyro.Person.12",0.43090121634659,0.00392697549157618
"y.Train.Gyro.Person.13",0.433908591144078,-0.00317656788275874
"y.Train.Gyro.Person.14",0.417995999853105,-0.00864728346191449
"y.Train.Gyro.Person.15",0.414799975750753,-0.0100304636442301
"y.Train.Gyro.Person.16",0.424677281990481,-0.00545848141437089
"y.Train.Gyro.Person.17",0.427739762074454,-0.00299084183016729
"y.Train.Gyro.Person.18",0.44352803156843,-0.0096021867801941
"y.Train.Gyro.Person.19",0.442096873564738,-0.0154574356904728
"y.Train.Gyro.Person.20",0.430773849849845,-0.0158749074248472
"y.Train.Gyro.Person.21",0.428936540218509,-0.0126620593021208
"y.Train.Gyro.Person.22",0.436384181257564,-0.00833624834708517
"y.Train.Gyro.Person.23",0.428064689582868,-0.00898534896844045
"y.Train.Gyro.Person.24",0.424815550667464,-0.0117149065407194
"y.Train.Gyro.Person.25",0.420669192772861,-0.0107020558650553
"y.Train.Gyro.Person.26",0.429316736785656,-0.00727919161421106
"y.Train.Gyro.Person.27",0.429140511535921,-0.00784271606240584
"y.Train.Gyro.Person.28",0.417164271863147,-0.0143711751795901
"y.Train.Gyro.Person.29",0.422441348114437,-0.0189462645962905
"y.Train.Gyro.Person.30",0.41983904996743,-0.0188038961740852
"y.Train.Gyro.Person.31",0.409112028477542,-0.0168305935082755
"y.Train.Gyro.Person.32",0.407434068470554,-0.0161753566047112
"y.Train.Gyro.Person.33",0.409464509132166,-0.0168820880862504
"y.Train.Gyro.Person.34",0.405200936804394,-0.0138680720887788
"y.Train.Gyro.Person.35",0.406160688145812,-0.0106638680196573
"y.Train.Gyro.Person.36",0.418742619261005,-0.0105781727371632
"y.Train.Gyro.Person.37",0.420741618540188,-0.0113441614393634
"y.Train.Gyro.Person.38",0.420465876160283,-0.013728559730432
"y.Train.Gyro.Person.39",0.4144512844797,-0.0144040412979281
"y.Train.Gyro.Person.40",0.425282945963912,-0.0113005434755304
"y.Train.Gyro.Person.41",0.423998870352341,-0.00765032050375534
"y.Train.Gyro.Person.42",0.424844459041166,-0.00810332347244181
"y.Train.Gyro.Person.43",0.421745218554885,-0.0113217693877794
"y.Train.Gyro.Person.44",0.423223250448528,-0.00825131298085952
"y.Train.Gyro.Person.45",0.419954620689289,-0.00292976659653919
"y.Train.Gyro.Person.46",0.418049061850404,-0.00230515506685748
"y.Train.Gyro.Person.47",0.419619026549586,-0.000176864774501527
"y.Train.Gyro.Person.48",0.412254436049192,0.00248983340221581
"y.Train.Gyro.Person.49",0.421226296070817,0.0027751914063115
"y.Train.Gyro.Person.50",0.407635087682128,0.00378885403951748
"y.Train.Gyro.Person.51",0.409912977057139,0.00304197356800526
"y.Train.Gyro.Person.52",0.415064741503614,0.00387106903833899
"y.Train.Gyro.Person.53",0.409007811503072,0.0095665119129267
"y.Train.Gyro.Person.54",0.411267473417196,0.0136316046039945
"y.Train.Gyro.Person.55",0.403781552483563,0.0159740539128662
"y.Train.Gyro.Person.56",0.41160946592923,0.0154163216307754
"y.Train.Gyro.Person.57",0.418575973226096,0.0113938710945232
"y.Train.Gyro.Person.58",0.422907514890997,0.0101826508158476
"y.Train.Gyro.Person.59",0.431919206525122,0.0107824436675433
"y.Train.Gyro.Person.60",0.4237381916502,0.0136942327127893
"y.Train.Gyro.Person.61",0.426521334387808,0.0169776473817791
"y.Train.Gyro.Person.62",0.417034498465481,0.0144173540838646
"y.Train.Gyro.Person.63",0.412604137170643,0.012278859888982
"y.Train.Gyro.Person.64",0.414124439364241,0.0125493304726502
"y.Train.Gyro.Person.65",0.419701688186963,0.010250990861941
"y.Train.Gyro.Person.66",0.424982399983714,0.00815859747035528
"y.Train.Gyro.Person.67",0.42696727351322,0.00794349919805226
"y.Train.Gyro.Person.68",0.435930147796452,0.0103637257926142
"y.Train.Gyro.Person.69",0.432930807122033,0.0152258459501846
"y.Train.Gyro.Person.70",0.425290253397951,0.0137348192052219
"y.Train.Gyro.Person.71",0.432138805347854,0.00439838000812352
"y.Train.Gyro.Person.72",0.431846067938565,-0.00123835413591822
"y.Train.Gyro.Person.73",0.419606651954511,-0.000201475594136003
"y.Train.Gyro.Person.74",0.414217311703889,0.00197741684783101
"y.Train.Gyro.Person.75",0.413815515428088,0.00294575708793834
"y.Train.Gyro.Person.76",0.42187878634996,0.00109540461305565
"y.Train.Gyro.Person.77",0.427837908414519,-0.00199279738322362
"y.Train.Gyro.Person.78",0.415052260354468,-0.00284031737966135
"y.Train.Gyro.Person.79",0.410621860359341,-0.00186822884514964
"y.Train.Gyro.Person.80",0.423730314036556,0.000284179318723787
"y.Train.Gyro.Person.81",0.42635232934586,-0.00024241507034374
"y.Train.Gyro.Person.82",0.439314376914986,-0.00627751814903359
"y.Train.Gyro.Person.83",0.43854103478683,-0.00978858242021181
"y.Train.Gyro.Person.84",0.434559019804662,-0.00911215650630974
"y.Train.Gyro.Person.85",0.429103144309218,-0.00978236100731931
"y.Train.Gyro.Person.86",0.43491122511963,-0.00916176325978962
"y.Train.Gyro.Person.87",0.427069344719759,-0.00794192077259383
"y.Train.Gyro.Person.88",0.426145976828754,-0.00858045227835765
"y.Train.Gyro.Person.89",0.417490095680231,-0.00762536587951069
"y.Train.Gyro.Person.90",0.426602085405368,-0.00505626745748219
"y.Train.Gyro.Person.91",0.422938611845387,-0.00447557387891076
"y.Train.Gyro.Person.92",0.410027672150237,-0.00775834471365864
"y.Train.Gyro.Person.93",0.423828702940112,-0.0117250994148755
"y.Train.Gyro.Person.94",0.424295811052352,-0.0123950820142277
"y.Train.Gyro.Person.95",0.41314526423355,-0.0116368280138303
"y.Train.Gyro.Person.96",0.409231074111061,-0.0130677561946332
"y.Train.Gyro.Person.97",0.408414205087965,-0.0140088656529216
"y.Train.Gyro.Person.98",0.405432474584986,-0.0104700097768643
"y.Train.Gyro.Person.99",0.408040203442246,-0.00699431072927044
"y.Train.Gyro.Person.100",0.419001503473261,-0.00676504444540889
"y.Train.Gyro.Person.101",0.418999016135061,-0.00851785016527791
"y.Train.Gyro.Person.102",0.422397456687816,-0.0109705280926043
"y.Train.Gyro.Person.103",0.416243579000053,-0.0100668430341106
"y.Train.Gyro.Person.104",0.423174258892642,-0.00733827188871327
"y.Train.Gyro.Person.105",0.421382947307474,-0.0061204377547394
"y.Train.Gyro.Person.106",0.415787625425714,-0.00663702935415202
"y.Train.Gyro.Person.107",0.404575657322077,-0.00847893592917747
"y.Train.Gyro.Person.108",0.412865220597579,-0.00651205907838242
"y.Train.Gyro.Person.109",0.41248164536899,-0.00370001209207703
"y.Train.Gyro.Person.110",0.407322796398394,-0.0053123140782036
"y.Train.Gyro.Person.111",0.407390755474902,-0.00436749326136953
"y.Train.Gyro.Person.112",0.400035855307784,-0.000233547858218527
"y.Train.Gyro.Person.113",0.409737069709716,0.00219270237487106
"y.Train.Gyro.Person.114",0.395498098284899,0.00245877093798371
"y.Train.Gyro.Person.115",0.404357227693675,-0.000784115819331015
"y.Train.Gyro.Person.116",0.412280928533812,-0.00228089059749406
"y.Train.Gyro.Person.117",0.406774115160466,0.00177312085164404
"y.Train.Gyro.Person.118",0.4085480674082,0.00533204607006169
"y.Train.Gyro.Person.119",0.408263770862595,0.00665375586140027
"y.Train.Gyro.Person.120",0.40995071537792,0.00556937378759925
"y.Train.Gyro.Person.121",0.415712613502408,0.00319171484415338
"y.Train.Gyro.Person.122",0.417769380834023,0.00268672364262063
"y.Train.Gyro.Person.123",0.4262404406174,0.00244140211420088
"y.Train.Gyro.Person.124",0.41930321453715,0.0053620762556566
"y.Train.Gyro.Person.125",0.423376930762986,0.00890762602688259
"y.Train.Gyro.Person.126",0.414363214287914,0.00603642603542823
"y.Train.Gyro.Person.127",0.408300286681648,0.00445658337615429
"y.Train.Gyro.Person.128",0.414278217347355,0.00619805900757041
"z.Train.Gyro.Person.1",0.28044584691131,-0.000681158706830675
"z.Train.Gyro.Person.2",0.282008600032991,-0.000154342300654903
"z.Train.Gyro.Person.3",0.285120727484897,0.00186188341890058
"z.Train.Gyro.Person.4",0.281426115161047,0.00389000166954157
"z.Train.Gyro.Person.5",0.281524445928005,0.00598044637811673
"z.Train.Gyro.Person.6",0.281351042643598,0.0090039695044418
"z.Train.Gyro.Person.7",0.277768130521348,0.00983076548241093
"z.Train.Gyro.Person.8",0.281152037671143,0.00935275726665796
"z.Train.Gyro.Person.9",0.281658063932837,0.00864664790559891
"z.Train.Gyro.Person.10",0.278977140967051,0.00777521909885341
"z.Train.Gyro.Person.11",0.278587603342462,0.00783514949395317
"z.Train.Gyro.Person.12",0.274979377750337,0.00644769036531049
"z.Train.Gyro.Person.13",0.277608722174674,0.00526673534266373
"z.Train.Gyro.Person.14",0.277481889520782,0.00446357874445198
"z.Train.Gyro.Person.15",0.269483084770714,0.00213701165104818
"z.Train.Gyro.Person.16",0.271101828231652,0.000503370459502545
"z.Train.Gyro.Person.17",0.273046961740981,-0.00191572223433322
"z.Train.Gyro.Person.18",0.271154596208787,-0.00281922295100848
"z.Train.Gyro.Person.19",0.270473743670162,-0.00103370366940414
"z.Train.Gyro.Person.20",0.271301935135486,-0.000749270866084493
"z.Train.Gyro.Person.21",0.271640471766235,-0.000283238500364778
"z.Train.Gyro.Person.22",0.272995979616136,-0.000458300211170682
"z.Train.Gyro.Person.23",0.275688960395745,-0.00126958743065456
"z.Train.Gyro.Person.24",0.273874270472536,-0.000803470640779437
"z.Train.Gyro.Person.25",0.271046928717654,-0.0029858033597358
"z.Train.Gyro.Person.26",0.272447259228785,-0.00684951237729895
"z.Train.Gyro.Person.27",0.274444912712874,-0.008100162808981
"z.Train.Gyro.Person.28",0.280745675650873,-0.00660624430858432
"z.Train.Gyro.Person.29",0.28691317746275,-0.00452658121926332
"z.Train.Gyro.Person.30",0.284144471782176,-0.00384445872208381
"z.Train.Gyro.Person.31",0.284752125430785,-0.00488110954421785
"z.Train.Gyro.Person.32",0.292732708419664,-0.00667024045894333
"z.Train.Gyro.Person.33",0.298543416471497,-0.00717179566006661
"z.Train.Gyro.Person.34",0.292691860432085,-0.00738162815797421
"z.Train.Gyro.Person.35",0.289197961005617,-0.00735445796796064
"z.Train.Gyro.Person.36",0.290918664988532,-0.00529014268804723
"z.Train.Gyro.Person.37",0.288884876841706,-0.0056271264600716
"z.Train.Gyro.Person.38",0.292276340761621,-0.00831462098528266
"z.Train.Gyro.Person.39",0.294811149268511,-0.00845428489103597
"z.Train.Gyro.Person.40",0.29082929779176,-0.00879994823507906
"z.Train.Gyro.Person.41",0.286868044969814,-0.0105327276907058
"z.Train.Gyro.Person.42",0.287511186279317,-0.0111730503446193
"z.Train.Gyro.Person.43",0.281068655970236,-0.0107689454812331
"z.Train.Gyro.Person.44",0.277343326591329,-0.00901701521921955
"z.Train.Gyro.Person.45",0.278377033784182,-0.00688214834465219
"z.Train.Gyro.Person.46",0.280198646617289,-0.00489168704363828
"z.Train.Gyro.Person.47",0.276027643177631,-0.00299595411539362
"z.Train.Gyro.Person.48",0.274906705146498,-0.00348631961314116
"z.Train.Gyro.Person.49",0.279730514729547,-0.00511885120428232
"z.Train.Gyro.Person.50",0.281127043605482,-0.00393700687094944
"z.Train.Gyro.Person.51",0.271995307275306,-6.39300391822191e-05
"z.Train.Gyro.Person.52",0.266791591033115,0.00159967980049712
"z.Train.Gyro.Person.53",0.269224722608402,-0.00137613363426094
"z.Train.Gyro.Person.54",0.272619678918704,-0.00465807290631931
"z.Train.Gyro.Person.55",0.274786638871119,-0.00627635650514727
"z.Train.Gyro.Person.56",0.275805230367157,-0.00702959159156837
"z.Train.Gyro.Person.57",0.277352693402989,-0.0055018886932131
"z.Train.Gyro.Person.58",0.27776564258701,-0.00251287629942009
"z.Train.Gyro.Person.59",0.275898741010425,-5.29789779372241e-05
"z.Train.Gyro.Person.60",0.274837097483723,0.00133075310505599
"z.Train.Gyro.Person.61",0.274850554602436,0.00212657374639973
"z.Train.Gyro.Person.62",0.276672016061443,0.00266303465255853
"z.Train.Gyro.Person.63",0.284974749377045,0.00251833087040641
"z.Train.Gyro.Person.64",0.282039818618259,0.00271685793602341
"z.Train.Gyro.Person.65",0.272648819136727,0.00261863767653207
"z.Train.Gyro.Person.66",0.274476547482169,0.00213111982327791
"z.Train.Gyro.Person.67",0.278507386698699,0.00333726279121819
"z.Train.Gyro.Person.68",0.276032079082109,0.0045102211698378
"z.Train.Gyro.Person.69",0.276702423144325,0.00606370489927384
"z.Train.Gyro.Person.70",0.275839655004894,0.00882638053572786
"z.Train.Gyro.Person.71",0.271764970206663,0.0098331235829301
"z.Train.Gyro.Person.72",0.278177375955291,0.00928570956207703
"z.Train.Gyro.Person.73",0.28058016248574,0.00671120812385714
"z.Train.Gyro.Person.74",0.276667191663622,0.00437503862222972
"z.Train.Gyro.Person.75",0.278221043752026,0.00524589744016627
"z.Train.Gyro.Person.76",0.277141735454801,0.00498676856871395
"z.Train.Gyro.Person.77",0.276383856145844,0.00362681874220903
"z.Train.Gyro.Person.78",0.276129543125967,0.00231716778240075
"z.Train.Gyro.Person.79",0.267984369509366,0.000453119646813369
"z.Train.Gyro.Person.80",0.264796441605321,-0.00049855581037869
"z.Train.Gyro.Person.81",0.266980829069272,-0.00164822725985036
"z.Train.Gyro.Person.82",0.268473486498768,-0.000793678391446216
"z.Train.Gyro.Person.83",0.265368279788736,0.00115174203500713
"z.Train.Gyro.Person.84",0.262908191924135,0.000867192313067187
"z.Train.Gyro.Person.85",0.261999317692823,0.00110631673370037
"z.Train.Gyro.Person.86",0.263966379776622,0.000890752913108246
"z.Train.Gyro.Person.87",0.267842528568869,0.000649496333274856
"z.Train.Gyro.Person.88",0.266923904901246,0.00205667909797184
"z.Train.Gyro.Person.89",0.264867042388836,0.0013499826971831
"z.Train.Gyro.Person.90",0.265667958651938,-0.00094260271041398
"z.Train.Gyro.Person.91",0.266909747568014,-0.000906775030486257
"z.Train.Gyro.Person.92",0.271568746808468,0.00115531847624771
"z.Train.Gyro.Person.93",0.279025826371948,0.00208011873435969
"z.Train.Gyro.Person.94",0.277856802563751,0.00179444203580896
"z.Train.Gyro.Person.95",0.277212031276929,0.000634951430702409
"z.Train.Gyro.Person.96",0.284453257775977,-0.00171268481676485
"z.Train.Gyro.Person.97",0.291442607054806,-0.00232562151853285
"z.Train.Gyro.Person.98",0.286735100281457,-0.00306310506028164
"z.Train.Gyro.Person.99",0.283941901554278,-0.00496922462361798
"z.Train.Gyro.Person.100",0.284987947718802,-0.00419747769066006
"z.Train.Gyro.Person.101",0.282961319367341,-0.00454037592292637
"z.Train.Gyro.Person.102",0.284188297282483,-0.00732810420930709
"z.Train.Gyro.Person.103",0.28426578220131,-0.0076741056078395
"z.Train.Gyro.Person.104",0.28148193296822,-0.00689211636358602
"z.Train.Gyro.Person.105",0.278382277781189,-0.00640629625084832
"z.Train.Gyro.Person.106",0.279612177556579,-0.00540018949144656
"z.Train.Gyro.Person.107",0.276084059424816,-0.00425246530121955
"z.Train.Gyro.Person.108",0.274031202167008,-0.00306318235856668
"z.Train.Gyro.Person.109",0.274058736988604,-0.0028530472880604
"z.Train.Gyro.Person.110",0.275462154005294,-0.00271253947084561
"z.Train.Gyro.Person.111",0.272328568394972,-0.0026191130122209
"z.Train.Gyro.Person.112",0.270361611974488,-0.00505094083581167
"z.Train.Gyro.Person.113",0.273628196210035,-0.00763355498078045
"z.Train.Gyro.Person.114",0.275401911999684,-0.00608999036659586
"z.Train.Gyro.Person.115",0.265291588651429,-0.000921877548598575
"z.Train.Gyro.Person.116",0.25974831670804,0.00183602052999898
"z.Train.Gyro.Person.117",0.261710458789895,-0.000909114164875127
"z.Train.Gyro.Person.118",0.266092584807824,-0.00395852866554903
"z.Train.Gyro.Person.119",0.269607059357445,-0.0048066230006851
"z.Train.Gyro.Person.120",0.269336937923035,-0.00426576594433729
"z.Train.Gyro.Person.121",0.270060173663336,-0.0017259106996264
"z.Train.Gyro.Person.122",0.273166363809939,0.00104521072581574
"z.Train.Gyro.Person.123",0.273394560823976,0.00291462403814693
"z.Train.Gyro.Person.124",0.272056450286301,0.00395815714442823
"z.Train.Gyro.Person.125",0.272168103673429,0.00421936580096708
"z.Train.Gyro.Person.126",0.277455562192933,0.00473999000943332
"z.Train.Gyro.Person.127",0.287642803026281,0.00497420095653468
"z.Train.Gyro.Person.128",0.283647527630683,0.00494726204474415
